"HITId","HITTypeId","Title","Description","Keywords","Reward","CreationTime","MaxAssignments","RequesterAnnotation","AssignmentDurationInSeconds","AutoApprovalDelayInSeconds","Expiration","NumberOfSimilarHITs","LifetimeInSeconds","AssignmentId","WorkerId","AssignmentStatus","AcceptTime","SubmitTime","AutoApprovalTime","ApprovalTime","RejectionTime","RequesterFeedback","WorkTimeInSeconds","LifetimeApprovalRate","Last30DaysApprovalRate","Last7DaysApprovalRate","Input.image_url","Answer.category.label","Approve","Reject"
"3RHLQY6EEWG0Y2FODUHDUP98CTI4DA","3SGAN4GQ98WBMVBHQXPZCGZTTF3DXG","Choose if a chair looks like a real chair or not","Categorize the given content to see if it is likely to be an acceptable model of a chair","categorize, image","$0.00","Thu Oct 17 13:28:09 PDT 2019","1","BatchId:3804975;OriginalHitTemplateId:928390873;","300","604800","Sat Nov 16 12:28:09 PST 2019","","","37FMASSAYG33EWEDAPXDIKRHWH1BI5","A25OEVVN0293PO","Submitted","Thu Oct 17 14:44:51 PDT 2019","Thu Oct 17 14:45:16 PDT 2019","Thu Oct 24 14:45:16 PDT 2019","","","","25","0% (0/0)","0% (0/0)","0% (0/0)","all_views_0.png","Bad chair"
"3421H3BMADTEYULS4LZFEVF135T9JP","3SGAN4GQ98WBMVBHQXPZCGZTTF3DXG","Choose if a chair looks like a real chair or not","Categorize the given content to see if it is likely to be an acceptable model of a chair","categorize, image","$0.00","Thu Oct 17 13:28:09 PDT 2019","1","BatchId:3804975;OriginalHitTemplateId:928390873;","300","604800","Sat Nov 16 12:28:09 PST 2019","","","3IXEICO796VNHYDT8AF9LB7YTY1T6G","AZGOCZR5GZH09","Submitted","Thu Oct 17 16:23:39 PDT 2019","Thu Oct 17 16:23:56 PDT 2019","Thu Oct 24 16:23:56 PDT 2019","","","","17","0% (0/0)","0% (0/0)","0% (0/0)","all_views_1.png","Inconclusive but likely bad"
"3I7KR83SODP99ERAM6ZRFAFEIUT9KO","3SGAN4GQ98WBMVBHQXPZCGZTTF3DXG","Choose if a chair looks like a real chair or not","Categorize the given content to see if it is likely to be an acceptable model of a chair","categorize, image","$0.00","Thu Oct 17 13:28:09 PDT 2019","1","BatchId:3804975;OriginalHitTemplateId:928390873;","300","604800","Sat Nov 16 12:28:09 PST 2019","","","3LUY3GC633C8T6YRA3BHMF6XZ6Z7PN","AZGOCZR5GZH09","Submitted","Thu Oct 17 16:20:15 PDT 2019","Thu Oct 17 16:20:23 PDT 2019","Thu Oct 24 16:20:23 PDT 2019","","","","8","0% (0/0)","0% (0/0)","0% (0/0)","all_views_10.png","Bad chair"
"3LVTFB9DF8UAZRCDDHPY3DDALDGGQE","3SGAN4GQ98WBMVBHQXPZCGZTTF3DXG","Choose if a chair looks like a real chair or not","Categorize the given content to see if it is likely to be an acceptable model of a chair","categorize, image","$0.00","Thu Oct 17 13:28:09 PDT 2019","1","BatchId:3804975;OriginalHitTemplateId:928390873;","300","604800","Sat Nov 16 12:28:09 PST 2019","","","3STRJBFXO03UGDYIAE9AVUCGUSQKTF","ASWZO1WY1UHEP","Submitted","Thu Oct 17 14:48:06 PDT 2019","Thu Oct 17 14:48:12 PDT 2019","Thu Oct 24 14:48:12 PDT 2019","","","","6","0% (0/0)","0% (0/0)","0% (0/0)","all_views_100.png","Good chair"
"3NQUW096O9KKTK9S76BSUAST7UY9LR","3SGAN4GQ98WBMVBHQXPZCGZTTF3DXG","Choose if a chair looks like a real chair or not","Categorize the given content to see if it is likely to be an acceptable model of a chair","categorize, image","$0.00","Thu Oct 17 13:28:09 PDT 2019","1","BatchId:3804975;OriginalHitTemplateId:928390873;","300","604800","Sat Nov 16 12:28:09 PST 2019","","","38SKSKU7R59FR50P12M7WNNM8C8LIX","AZGOCZR5GZH09","Submitted","Thu Oct 17 16:19:15 PDT 2019","Thu Oct 17 16:19:27 PDT 2019","Thu Oct 24 16:19:27 PDT 2019","","","","12","0% (0/0)","0% (0/0)","0% (0/0)","all_views_101.png","Bad chair"
"3CZH926SJFQ5Q8TO9PSX07RTC5J4E3","3SGAN4GQ98WBMVBHQXPZCGZTTF3DXG","Choose if a chair looks like a real chair or not","Categorize the given content to see if it is likely to be an acceptable model of a chair","categorize, image","$0.00","Thu Oct 17 13:28:09 PDT 2019","1","BatchId:3804975;OriginalHitTemplateId:928390873;","300","604800","Sat Nov 16 12:28:09 PST 2019","","","39LOEL67OWH5MVYNMA6GNCZR5UD83Z","AZGOCZR5GZH09","Submitted","Thu Oct 17 16:20:32 PDT 2019","Thu Oct 17 16:20:39 PDT 2019","Thu Oct 24 16:20:39 PDT 2019","","","","7","0% (0/0)","0% (0/0)","0% (0/0)","all_views_102.png","Bad chair"
"360ZO6N6K4V4Z2RD7IC7UN7I7ZO9MT","3SGAN4GQ98WBMVBHQXPZCGZTTF3DXG","Choose if a chair looks like a real chair or not","Categorize the given content to see if it is likely to be an acceptable model of a chair","categorize, image","$0.00","Thu Oct 17 13:28:09 PDT 2019","1","BatchId:3804975;OriginalHitTemplateId:928390873;","300","604800","Sat Nov 16 12:28:09 PST 2019","","","382M9COHELR6UQLXEXOH2VLDTAVUES","AZGOCZR5GZH09","Submitted","Thu Oct 17 16:21:56 PDT 2019","Thu Oct 17 16:22:10 PDT 2019","Thu Oct 24 16:22:10 PDT 2019","","","","14","0% (0/0)","0% (0/0)","0% (0/0)","all_views_103.png","Inconclusive but likely bad"
"335VBRUREMC6NEZ0QKOOHF29YXXE99","3SGAN4GQ98WBMVBHQXPZCGZTTF3DXG","Choose if a chair looks like a real chair or not","Categorize the given content to see if it is likely to be an acceptable model of a chair","categorize, image","$0.00","Thu Oct 17 13:28:09 PDT 2019","1","BatchId:3804975;OriginalHitTemplateId:928390873;","300","604800","Sat Nov 16 12:28:09 PST 2019","","","3TU5ZICBRHDXTW4PKLIC0KS2FK5Q8U","AHHQH4XLFWTMG","Submitted","Thu Oct 17 13:45:23 PDT 2019","Thu Oct 17 13:45:31 PDT 2019","Thu Oct 24 13:45:31 PDT 2019","","","","8","0% (0/0)","0% (0/0)","0% (0/0)","all_views_104.png","Good chair"
"3KTCJ4SCWJDMAXOI35XEFHPZ9N01MC","3SGAN4GQ98WBMVBHQXPZCGZTTF3DXG","Choose if a chair looks like a real chair or not","Categorize the given content to see if it is likely to be an acceptable model of a chair","categorize, image","$0.00","Thu Oct 17 13:28:10 PDT 2019","1","BatchId:3804975;OriginalHitTemplateId:928390873;","300","604800","Sat Nov 16 12:28:10 PST 2019","","","3WI0P0II6549MSFGE8ISR2G8MZPRDR","AZGOCZR5GZH09","Submitted","Thu Oct 17 16:19:52 PDT 2019","Thu Oct 17 16:20:06 PDT 2019","Thu Oct 24 16:20:06 PDT 2019","","","","14","0% (0/0)","0% (0/0)","0% (0/0)","all_views_105.png","Bad chair"
"3A520CCNXQCKSX95IQ2ODADT4FFEAO","3SGAN4GQ98WBMVBHQXPZCGZTTF3DXG","Choose if a chair looks like a real chair or not","Categorize the given content to see if it is likely to be an acceptable model of a chair","categorize, image","$0.00","Thu Oct 17 13:28:10 PDT 2019","1","BatchId:3804975;OriginalHitTemplateId:928390873;","300","604800","Sat Nov 16 12:28:10 PST 2019","","","39JEC7537YDRA7QJNWSR8TNTM39CVK","A2P065E9CYMYJL","Submitted","Thu Oct 17 13:50:55 PDT 2019","Thu Oct 17 13:51:01 PDT 2019","Thu Oct 24 13:51:01 PDT 2019","","","","6","0% (0/0)","0% (0/0)","0% (0/0)","all_views_106.png","Bad chair"
"311HQEI8SVS0KQ237A4HOTCLRDHZ7N","3SGAN4GQ98WBMVBHQXPZCGZTTF3DXG","Choose if a chair looks like a real chair or not","Categorize the given content to see if it is likely to be an acceptable model of a chair","categorize, image","$0.00","Thu Oct 17 13:28:10 PDT 2019","1","BatchId:3804975;OriginalHitTemplateId:928390873;","300","604800","Sat Nov 16 12:28:10 PST 2019","","","3JWH6J9I9WPVSXP475A5NSNYIF4NB4","AHHQH4XLFWTMG","Submitted","Thu Oct 17 13:47:21 PDT 2019","Thu Oct 17 13:47:26 PDT 2019","Thu Oct 24 13:47:26 PDT 2019","","","","5","0% (0/0)","0% (0/0)","0% (0/0)","all_views_107.png","Bad chair"
"33NOQL7TARB4K47MHFWN2T8G2XNZ8A","3SGAN4GQ98WBMVBHQXPZCGZTTF3DXG","Choose if a chair looks like a real chair or not","Categorize the given content to see if it is likely to be an acceptable model of a chair","categorize, image","$0.00","Thu Oct 17 13:28:10 PDT 2019","1","BatchId:3804975;OriginalHitTemplateId:928390873;","300","604800","Sat Nov 16 12:28:10 PST 2019","","","3HYA4D452VVPGSCRQOYHEUBLMKR2F0","AZGOCZR5GZH09","Submitted","Thu Oct 17 16:22:20 PDT 2019","Thu Oct 17 16:22:39 PDT 2019","Thu Oct 24 16:22:39 PDT 2019","","","","19","0% (0/0)","0% (0/0)","0% (0/0)","all_views_108.png","Inconclusive but likely good"
"3UY4PIS8RUXSSF9IF6CESWEZEDA1NC","3SGAN4GQ98WBMVBHQXPZCGZTTF3DXG","Choose if a chair looks like a real chair or not","Categorize the given content to see if it is likely to be an acceptable model of a chair","categorize, image","$0.00","Thu Oct 17 13:28:10 PDT 2019","1","BatchId:3804975;OriginalHitTemplateId:928390873;","300","604800","Sat Nov 16 12:28:10 PST 2019","","","3U088ZLJVO5KV4V81Q43ZU46KPX0WC","AZGOCZR5GZH09","Submitted","Thu Oct 17 16:21:32 PDT 2019","Thu Oct 17 16:21:40 PDT 2019","Thu Oct 24 16:21:40 PDT 2019","","","","8","0% (0/0)","0% (0/0)","0% (0/0)","all_views_109.png","Good chair"
"3566S7OX6GV3PUHVZZVPWZS9EY5717","3SGAN4GQ98WBMVBHQXPZCGZTTF3DXG","Choose if a chair looks like a real chair or not","Categorize the given content to see if it is likely to be an acceptable model of a chair","categorize, image","$0.00","Thu Oct 17 13:28:10 PDT 2019","1","BatchId:3804975;OriginalHitTemplateId:928390873;","300","604800","Sat Nov 16 12:28:10 PST 2019","","","32KTQ2V7RHR6MMP7XKH9J738PPZM91","A3UDNIK63I8VH1","Submitted","Thu Oct 17 13:58:36 PDT 2019","Thu Oct 17 13:59:02 PDT 2019","Thu Oct 24 13:59:02 PDT 2019","","","","26","0% (0/0)","0% (0/0)","0% (0/0)","all_views_11.png","Good chair"
"34R3P23QIVDTJK3A9W6MG27XOE9WHW","3SGAN4GQ98WBMVBHQXPZCGZTTF3DXG","Choose if a chair looks like a real chair or not","Categorize the given content to see if it is likely to be an acceptable model of a chair","categorize, image","$0.00","Thu Oct 17 13:28:10 PDT 2019","1","BatchId:3804975;OriginalHitTemplateId:928390873;","300","604800","Sat Nov 16 12:28:10 PST 2019","","","3J88R45B2KA28L4ISGFFGEJL1YJPX3","A25OEVVN0293PO","Submitted","Thu Oct 17 14:43:40 PDT 2019","Thu Oct 17 14:44:51 PDT 2019","Thu Oct 24 14:44:51 PDT 2019","","","","71","0% (0/0)","0% (0/0)","0% (0/0)","all_views_110.png","Bad chair"
"3RQVKZ7ZSNVAEFZRI3V31I2E64J72O","3SGAN4GQ98WBMVBHQXPZCGZTTF3DXG","Choose if a chair looks like a real chair or not","Categorize the given content to see if it is likely to be an acceptable model of a chair","categorize, image","$0.00","Thu Oct 17 13:28:10 PDT 2019","1","BatchId:3804975;OriginalHitTemplateId:928390873;","300","604800","Sat Nov 16 12:28:10 PST 2019","","","3P1L2B7AD51PNRBSZXZCGKJ8KL8LOT","AZGOCZR5GZH09","Submitted","Thu Oct 17 16:21:17 PDT 2019","Thu Oct 17 16:21:24 PDT 2019","Thu Oct 24 16:21:24 PDT 2019","","","","7","0% (0/0)","0% (0/0)","0% (0/0)","all_views_111.png","Good chair"
"38RHULDVA1RTFFEUFEO7GE8COROWIP","3SGAN4GQ98WBMVBHQXPZCGZTTF3DXG","Choose if a chair looks like a real chair or not","Categorize the given content to see if it is likely to be an acceptable model of a chair","categorize, image","$0.00","Thu Oct 17 13:28:10 PDT 2019","1","BatchId:3804975;OriginalHitTemplateId:928390873;","300","604800","Sat Nov 16 12:28:10 PST 2019","","","3L70J4KAZKYHNBTZCXW6WCRYMT8DA8","A1GKD3NG1NNHRP","Submitted","Thu Oct 17 13:30:55 PDT 2019","Thu Oct 17 13:31:00 PDT 2019","Thu Oct 24 13:31:00 PDT 2019","","","","5","0% (0/0)","0% (0/0)","0% (0/0)","all_views_112.png","Good chair"
"3ZQA3IO32E3AA09UGLCR7LE44NF1OR","3SGAN4GQ98WBMVBHQXPZCGZTTF3DXG","Choose if a chair looks like a real chair or not","Categorize the given content to see if it is likely to be an acceptable model of a chair","categorize, image","$0.00","Thu Oct 17 13:28:10 PDT 2019","1","BatchId:3804975;OriginalHitTemplateId:928390873;","300","604800","Sat Nov 16 12:28:10 PST 2019","","","3TU5ZICBRHDXTW4PKLIC0KS2FKXQ8M","A1GKD3NG1NNHRP","Submitted","Thu Oct 17 13:31:11 PDT 2019","Thu Oct 17 13:31:18 PDT 2019","Thu Oct 24 13:31:18 PDT 2019","","","","7","0% (0/0)","0% (0/0)","0% (0/0)","all_views_113.png","Good chair"
"3ZVPAMTJXQFABSRDQWEY83NFHZIGRF","3SGAN4GQ98WBMVBHQXPZCGZTTF3DXG","Choose if a chair looks like a real chair or not","Categorize the given content to see if it is likely to be an acceptable model of a chair","categorize, image","$0.00","Thu Oct 17 13:28:10 PDT 2019","1","BatchId:3804975;OriginalHitTemplateId:928390873;","300","604800","Sat Nov 16 12:28:10 PST 2019","","","33CID571085012I6GZFKSHLXPT2L3M","A11BLQKVW1951L","Submitted","Thu Oct 17 14:01:56 PDT 2019","Thu Oct 17 14:03:49 PDT 2019","Thu Oct 24 14:03:49 PDT 2019","","","","113","0% (0/0)","0% (0/0)","0% (0/0)","all_views_114.png","Bad chair"
"3G5RUKN2FFFAHKCDJJR772WICPY9NT","3SGAN4GQ98WBMVBHQXPZCGZTTF3DXG","Choose if a chair looks like a real chair or not","Categorize the given content to see if it is likely to be an acceptable model of a chair","categorize, image","$0.00","Thu Oct 17 13:28:10 PDT 2019","1","BatchId:3804975;OriginalHitTemplateId:928390873;","300","604800","Sat Nov 16 12:28:10 PST 2019","","","3NG53N1RLZVCTK3AK83N0F2SAQ68PC","AZGOCZR5GZH09","Submitted","Thu Oct 17 16:21:40 PDT 2019","Thu Oct 17 16:21:48 PDT 2019","Thu Oct 24 16:21:48 PDT 2019","","","","8","0% (0/0)","0% (0/0)","0% (0/0)","all_views_115.png","Bad chair"
"3BFNCI9LZN2ZZXVAM398KS76CIJ73Z","3SGAN4GQ98WBMVBHQXPZCGZTTF3DXG","Choose if a chair looks like a real chair or not","Categorize the given content to see if it is likely to be an acceptable model of a chair","categorize, image","$0.00","Thu Oct 17 13:28:10 PDT 2019","1","BatchId:3804975;OriginalHitTemplateId:928390873;","300","604800","Sat Nov 16 12:28:10 PST 2019","","","3SEPORI8WRBKQCYV4FL3N4A1ADEAZ4","AZGOCZR5GZH09","Submitted","Thu Oct 17 16:24:53 PDT 2019","Thu Oct 17 16:25:01 PDT 2019","Thu Oct 24 16:25:01 PDT 2019","","","","8","0% (0/0)","0% (0/0)","0% (0/0)","all_views_116.png","Good chair"
"3LXX8KJXQZLSZ5CPKYRKMRWN2Z39O8","3SGAN4GQ98WBMVBHQXPZCGZTTF3DXG","Choose if a chair looks like a real chair or not","Categorize the given content to see if it is likely to be an acceptable model of a chair","categorize, image","$0.00","Thu Oct 17 13:28:10 PDT 2019","1","BatchId:3804975;OriginalHitTemplateId:928390873;","300","604800","Sat Nov 16 12:28:10 PST 2019","","","3EQHHY4HQW4NTPR9JR6XUME977SG5K","A3IPVESY1MUTW1","Submitted","Thu Oct 17 13:39:24 PDT 2019","Thu Oct 17 13:39:44 PDT 2019","Thu Oct 24 13:39:44 PDT 2019","","","","20","0% (0/0)","0% (0/0)","0% (0/0)","all_views_117.png","Good chair"
"3ACRLU861QQPB7EXO42K8LXZMX0EBJ","3SGAN4GQ98WBMVBHQXPZCGZTTF3DXG","Choose if a chair looks like a real chair or not","Categorize the given content to see if it is likely to be an acceptable model of a chair","categorize, image","$0.00","Thu Oct 17 13:28:10 PDT 2019","1","BatchId:3804975;OriginalHitTemplateId:928390873;","300","604800","Sat Nov 16 12:28:10 PST 2019","","","3U5NZHP4LVE5MV43NCXTDSVRD9UPH6","A3AYR3H2AYYT5G","Submitted","Thu Oct 17 16:19:05 PDT 2019","Thu Oct 17 16:19:20 PDT 2019","Thu Oct 24 16:19:20 PDT 2019","","","","15","0% (0/0)","0% (0/0)","0% (0/0)","all_views_118.png","Good chair"
"3RWO3EJEMKLSV0LVVLP6WLJUESB1P8","3SGAN4GQ98WBMVBHQXPZCGZTTF3DXG","Choose if a chair looks like a real chair or not","Categorize the given content to see if it is likely to be an acceptable model of a chair","categorize, image","$0.00","Thu Oct 17 13:28:10 PDT 2019","1","BatchId:3804975;OriginalHitTemplateId:928390873;","300","604800","Sat Nov 16 12:28:10 PST 2019","","","30MVJZJNHQPGLEJMUN4H3FBRLWS9JA","A217P00XV9O8WP","Submitted","Thu Oct 17 15:10:39 PDT 2019","Thu Oct 17 15:10:44 PDT 2019","Thu Oct 24 15:10:44 PDT 2019","","","","5","0% (0/0)","0% (0/0)","0% (0/0)","all_views_119.png","Good chair"
"307FVKVSZURKHTEEMHERUXZCQIF74K","3SGAN4GQ98WBMVBHQXPZCGZTTF3DXG","Choose if a chair looks like a real chair or not","Categorize the given content to see if it is likely to be an acceptable model of a chair","categorize, image","$0.00","Thu Oct 17 13:28:10 PDT 2019","1","BatchId:3804975;OriginalHitTemplateId:928390873;","300","604800","Sat Nov 16 12:28:10 PST 2019","","","35H6S234SECLWW237EXBIV1KDTR569","A36PL5KK0B3XKQ","Submitted","Thu Oct 17 13:42:20 PDT 2019","Thu Oct 17 13:42:43 PDT 2019","Thu Oct 24 13:42:43 PDT 2019","","","","23","0% (0/0)","0% (0/0)","0% (0/0)","all_views_12.png","Good chair"
"3ZRKL6Z1FBFMC7RQ5LE3YDSB311GS3","3SGAN4GQ98WBMVBHQXPZCGZTTF3DXG","Choose if a chair looks like a real chair or not","Categorize the given content to see if it is likely to be an acceptable model of a chair","categorize, image","$0.00","Thu Oct 17 13:28:10 PDT 2019","1","BatchId:3804975;OriginalHitTemplateId:928390873;","300","604800","Sat Nov 16 12:28:10 PST 2019","","","3U4J9857OIN6PCXHRYTGRV18I2KB76","AZGOCZR5GZH09","Submitted","Thu Oct 17 16:20:59 PDT 2019","Thu Oct 17 16:21:07 PDT 2019","Thu Oct 24 16:21:07 PDT 2019","","","","8","0% (0/0)","0% (0/0)","0% (0/0)","all_views_120.png","Good chair"
"3SZYX62S6JC2DCIE0MX1ZP5QQEA75P","3SGAN4GQ98WBMVBHQXPZCGZTTF3DXG","Choose if a chair looks like a real chair or not","Categorize the given content to see if it is likely to be an acceptable model of a chair","categorize, image","$0.00","Thu Oct 17 13:28:10 PDT 2019","1","BatchId:3804975;OriginalHitTemplateId:928390873;","300","604800","Sat Nov 16 12:28:10 PST 2019","","","3YMU66OBIRKZ9IB4KT76JJHZCGNGH5","AHHQH4XLFWTMG","Submitted","Thu Oct 17 13:46:14 PDT 2019","Thu Oct 17 13:46:19 PDT 2019","Thu Oct 24 13:46:19 PDT 2019","","","","5","0% (0/0)","0% (0/0)","0% (0/0)","all_views_121.png","Inconclusive but likely bad"
"3D3B8GE8A53AK5OQZY4ZBR1DC4Z9PP","3SGAN4GQ98WBMVBHQXPZCGZTTF3DXG","Choose if a chair looks like a real chair or not","Categorize the given content to see if it is likely to be an acceptable model of a chair","categorize, image","$0.00","Thu Oct 17 13:28:10 PDT 2019","1","BatchId:3804975;OriginalHitTemplateId:928390873;","300","604800","Sat Nov 16 12:28:10 PST 2019","","","3VELCLL3GOVIR7UV7KY39B1GUED1FI","AZGOCZR5GZH09","Submitted","Thu Oct 17 16:21:48 PDT 2019","Thu Oct 17 16:21:55 PDT 2019","Thu Oct 24 16:21:55 PDT 2019","","","","7","0% (0/0)","0% (0/0)","0% (0/0)","all_views_122.png","Bad chair"
"385MDVINGFRPAQY0XW97SFNC16DWJ1","3SGAN4GQ98WBMVBHQXPZCGZTTF3DXG","Choose if a chair looks like a real chair or not","Categorize the given content to see if it is likely to be an acceptable model of a chair","categorize, image","$0.00","Thu Oct 17 13:28:10 PDT 2019","1","BatchId:3804975;OriginalHitTemplateId:928390873;","300","604800","Sat Nov 16 12:28:10 PST 2019","","","36H9ULYP666PMOAZX949DBX2OTIFJ1","A1GKD3NG1NNHRP","Submitted","Thu Oct 17 13:31:04 PDT 2019","Thu Oct 17 13:31:11 PDT 2019","Thu Oct 24 13:31:11 PDT 2019","","","","7","0% (0/0)","0% (0/0)","0% (0/0)","all_views_123.png","Bad chair"
"3JHB4BPSGNLVKHP5ZBJOBWRNH0L9QG","3SGAN4GQ98WBMVBHQXPZCGZTTF3DXG","Choose if a chair looks like a real chair or not","Categorize the given content to see if it is likely to be an acceptable model of a chair","categorize, image","$0.00","Thu Oct 17 13:28:11 PDT 2019","1","BatchId:3804975;OriginalHitTemplateId:928390873;","300","604800","Sat Nov 16 12:28:11 PST 2019","","","3EQHHY4HQW4NTPR9JR6XUME978V5GE","AQP74RCFA4CF8","Submitted","Thu Oct 17 15:22:00 PDT 2019","Thu Oct 17 15:22:16 PDT 2019","Thu Oct 24 15:22:16 PDT 2019","","","","16","0% (0/0)","0% (0/0)","0% (0/0)","all_views_124.png","Good chair"
"3TFJJUELTK1GQWUN9K3EH4US7FAC2M","3SGAN4GQ98WBMVBHQXPZCGZTTF3DXG","Choose if a chair looks like a real chair or not","Categorize the given content to see if it is likely to be an acceptable model of a chair","categorize, image","$0.00","Thu Oct 17 13:28:11 PDT 2019","1","BatchId:3804975;OriginalHitTemplateId:928390873;","300","604800","Sat Nov 16 12:28:11 PST 2019","","","3N2BF7Y2VU6Z1S7QVW51WO1W84KMH8","AZGOCZR5GZH09","Submitted","Thu Oct 17 16:20:23 PDT 2019","Thu Oct 17 16:20:31 PDT 2019","Thu Oct 24 16:20:31 PDT 2019","","","","8","0% (0/0)","0% (0/0)","0% (0/0)","all_views_125.png","Bad chair"
"3XAOZ9UYS23DVCMAVY4VWQ94JOX1QZ","3SGAN4GQ98WBMVBHQXPZCGZTTF3DXG","Choose if a chair looks like a real chair or not","Categorize the given content to see if it is likely to be an acceptable model of a chair","categorize, image","$0.00","Thu Oct 17 13:28:11 PDT 2019","1","BatchId:3804975;OriginalHitTemplateId:928390873;","300","604800","Sat Nov 16 12:28:11 PST 2019","","","33M4IA01QKDNKYKX58J4L9J02FHRX5","AHHQH4XLFWTMG","Submitted","Thu Oct 17 13:46:52 PDT 2019","Thu Oct 17 13:46:56 PDT 2019","Thu Oct 24 13:46:56 PDT 2019","","","","4","0% (0/0)","0% (0/0)","0% (0/0)","all_views_126.png","Bad chair"
"3D4BBDG70K85BEQ6DKHJ0EZKDTAC3X","3SGAN4GQ98WBMVBHQXPZCGZTTF3DXG","Choose if a chair looks like a real chair or not","Categorize the given content to see if it is likely to be an acceptable model of a chair","categorize, image","$0.00","Thu Oct 17 13:28:11 PDT 2019","1","BatchId:3804975;OriginalHitTemplateId:928390873;","300","604800","Sat Nov 16 12:28:11 PST 2019","","","3XUHV3NRVOA1TLMK3XOFFMQAM8V5H0","A2D9Y10C4F0Y9O","Submitted","Thu Oct 17 14:27:35 PDT 2019","Thu Oct 17 14:29:23 PDT 2019","Thu Oct 24 14:29:23 PDT 2019","","","","108","0% (0/0)","0% (0/0)","0% (0/0)","all_views_127.png","Inconclusive but likely good"
"3BAKUKE4AKOD7D1A8DTV1GJ9FAZ1R0","3SGAN4GQ98WBMVBHQXPZCGZTTF3DXG","Choose if a chair looks like a real chair or not","Categorize the given content to see if it is likely to be an acceptable model of a chair","categorize, image","$0.00","Thu Oct 17 13:28:11 PDT 2019","1","BatchId:3804975;OriginalHitTemplateId:928390873;","300","604800","Sat Nov 16 12:28:11 PST 2019","","","3B837J3LDS8FOHYYBYDHM128N21SRO","AZGOCZR5GZH09","Submitted","Thu Oct 17 16:23:30 PDT 2019","Thu Oct 17 16:23:38 PDT 2019","Thu Oct 24 16:23:38 PDT 2019","","","","8","0% (0/0)","0% (0/0)","0% (0/0)","all_views_128.png","Good chair"
"3XH7ZM9YY56VWI45CQ8OGM1SDMN9RH","3SGAN4GQ98WBMVBHQXPZCGZTTF3DXG","Choose if a chair looks like a real chair or not","Categorize the given content to see if it is likely to be an acceptable model of a chair","categorize, image","$0.00","Thu Oct 17 13:28:11 PDT 2019","1","BatchId:3804975;OriginalHitTemplateId:928390873;","300","604800","Sat Nov 16 12:28:11 PST 2019","","","3I2PTA7R3X6HOX6QTAFFQP1TAKQQK4","A1GKD3NG1NNHRP","Submitted","Thu Oct 17 13:29:52 PDT 2019","Thu Oct 17 13:29:59 PDT 2019","Thu Oct 24 13:29:59 PDT 2019","","","","7","0% (0/0)","0% (0/0)","0% (0/0)","all_views_129.png","Good chair"
"3VMV5CHJ0BRNR745ULJT8IOX5KFGTS","3SGAN4GQ98WBMVBHQXPZCGZTTF3DXG","Choose if a chair looks like a real chair or not","Categorize the given content to see if it is likely to be an acceptable model of a chair","categorize, image","$0.00","Thu Oct 17 13:28:11 PDT 2019","1","BatchId:3804975;OriginalHitTemplateId:928390873;","300","604800","Sat Nov 16 12:28:11 PST 2019","","","34V1S5K3GWD4XJ4FA4ASUB6MZQO96K","A2WQ7MHWMGHJ9J","Submitted","Thu Oct 17 14:03:02 PDT 2019","Thu Oct 17 14:03:09 PDT 2019","Thu Oct 24 14:03:09 PDT 2019","","","","7","0% (0/0)","0% (0/0)","0% (0/0)","all_views_13.png","Good chair"
"3PUOXASB6AF4Y9QWM7212P3RM35Z9Z","3SGAN4GQ98WBMVBHQXPZCGZTTF3DXG","Choose if a chair looks like a real chair or not","Categorize the given content to see if it is likely to be an acceptable model of a chair","categorize, image","$0.00","Thu Oct 17 13:28:11 PDT 2019","1","BatchId:3804975;OriginalHitTemplateId:928390873;","300","604800","Sat Nov 16 12:28:11 PST 2019","","","3UJ1CZ6IZL1QJU00ER0EJ0XCVJCS58","A2D9Y10C4F0Y9O","Submitted","Thu Oct 17 14:29:36 PDT 2019","Thu Oct 17 14:30:06 PDT 2019","Thu Oct 24 14:30:06 PDT 2019","","","","30","0% (0/0)","0% (0/0)","0% (0/0)","all_views_130.png","Good chair"
"32W3UF2E0RXQTA9ADYM2AJRQRT6C4I","3SGAN4GQ98WBMVBHQXPZCGZTTF3DXG","Choose if a chair looks like a real chair or not","Categorize the given content to see if it is likely to be an acceptable model of a chair","categorize, image","$0.00","Thu Oct 17 13:28:11 PDT 2019","1","BatchId:3804975;OriginalHitTemplateId:928390873;","300","604800","Sat Nov 16 12:28:11 PST 2019","","","3U4J9857OIN6PCXHRYTGRV18I2J7B1","A3AYR3H2AYYT5G","Submitted","Thu Oct 17 16:18:31 PDT 2019","Thu Oct 17 16:19:04 PDT 2019","Thu Oct 24 16:19:04 PDT 2019","","","","33","0% (0/0)","0% (0/0)","0% (0/0)","all_views_131.png","Bad chair"
"3QXFBUZ40NS2RKJUUQ93DEAZOYMGUJ","3SGAN4GQ98WBMVBHQXPZCGZTTF3DXG","Choose if a chair looks like a real chair or not","Categorize the given content to see if it is likely to be an acceptable model of a chair","categorize, image","$0.00","Thu Oct 17 13:28:11 PDT 2019","1","BatchId:3804975;OriginalHitTemplateId:928390873;","300","604800","Sat Nov 16 12:28:11 PST 2019","","","3GA6AFUKOS0YF6ZGPE0M0PSQ8BLH31","A2P065E9CYMYJL","Submitted","Thu Oct 17 13:50:45 PDT 2019","Thu Oct 17 13:50:55 PDT 2019","Thu Oct 24 13:50:55 PDT 2019","","","","10","0% (0/0)","0% (0/0)","0% (0/0)","all_views_132.png","Good chair"
"3UOMW19E7GI8PTDAR35CFBX4RP1C5N","3SGAN4GQ98WBMVBHQXPZCGZTTF3DXG","Choose if a chair looks like a real chair or not","Categorize the given content to see if it is likely to be an acceptable model of a chair","categorize, image","$0.00","Thu Oct 17 13:28:11 PDT 2019","1","BatchId:3804975;OriginalHitTemplateId:928390873;","300","604800","Sat Nov 16 12:28:11 PST 2019","","","30MVJZJNHQPGLEJMUN4H3FBRLXFJ99","AZGOCZR5GZH09","Submitted","Thu Oct 17 16:17:15 PDT 2019","Thu Oct 17 16:18:10 PDT 2019","Thu Oct 24 16:18:10 PDT 2019","","","","55","0% (0/0)","0% (0/0)","0% (0/0)","all_views_133.png","Bad chair"
"3WUVMVA7PEFI3S01EDG1YKEBSLNZAE","3SGAN4GQ98WBMVBHQXPZCGZTTF3DXG","Choose if a chair looks like a real chair or not","Categorize the given content to see if it is likely to be an acceptable model of a chair","categorize, image","$0.00","Thu Oct 17 13:28:11 PDT 2019","1","BatchId:3804975;OriginalHitTemplateId:928390873;","300","604800","Sat Nov 16 12:28:11 PST 2019","","","3QEMNNSB21BZ49V15UKMMLP8LNU7D7","A3AYR3H2AYYT5G","Submitted","Thu Oct 17 16:14:42 PDT 2019","Thu Oct 17 16:14:57 PDT 2019","Thu Oct 24 16:14:57 PDT 2019","","","","15","0% (0/0)","0% (0/0)","0% (0/0)","all_views_134.png","Good chair"
"3XD2A6FGGQ67XX4IRF8T6W6OZO69S5","3SGAN4GQ98WBMVBHQXPZCGZTTF3DXG","Choose if a chair looks like a real chair or not","Categorize the given content to see if it is likely to be an acceptable model of a chair","categorize, image","$0.00","Thu Oct 17 13:28:11 PDT 2019","1","BatchId:3804975;OriginalHitTemplateId:928390873;","300","604800","Sat Nov 16 12:28:11 PST 2019","","","3OLF68YTNDDELV7V33RWKCUJY8JAFF","AZGOCZR5GZH09","Submitted","Thu Oct 17 16:22:47 PDT 2019","Thu Oct 17 16:22:58 PDT 2019","Thu Oct 24 16:22:58 PDT 2019","","","","11","0% (0/0)","0% (0/0)","0% (0/0)","all_views_135.png","Inconclusive but likely good"
"3T8DUCXY1QI8CXHXGFDJG12A17K9TU","3SGAN4GQ98WBMVBHQXPZCGZTTF3DXG","Choose if a chair looks like a real chair or not","Categorize the given content to see if it is likely to be an acceptable model of a chair","categorize, image","$0.00","Thu Oct 17 13:28:11 PDT 2019","1","BatchId:3804975;OriginalHitTemplateId:928390873;","300","604800","Sat Nov 16 12:28:11 PST 2019","","","3WJ1OXY92ES56GX8VPLQAKDXB478AX","AZGOCZR5GZH09","Submitted","Thu Oct 17 16:24:32 PDT 2019","Thu Oct 17 16:24:41 PDT 2019","Thu Oct 24 16:24:41 PDT 2019","","","","9","0% (0/0)","0% (0/0)","0% (0/0)","all_views_136.png","Good chair"
"3M7OI89LW1048XDOWMFH7HB4NKCC63","3SGAN4GQ98WBMVBHQXPZCGZTTF3DXG","Choose if a chair looks like a real chair or not","Categorize the given content to see if it is likely to be an acceptable model of a chair","categorize, image","$0.00","Thu Oct 17 13:28:11 PDT 2019","1","BatchId:3804975;OriginalHitTemplateId:928390873;","300","604800","Sat Nov 16 12:28:11 PST 2019","","","3VSOLARPKFL500HXR2CUN8U2PYA930","AHHQH4XLFWTMG","Submitted","Thu Oct 17 13:46:24 PDT 2019","Thu Oct 17 13:46:29 PDT 2019","Thu Oct 24 13:46:29 PDT 2019","","","","5","0% (0/0)","0% (0/0)","0% (0/0)","all_views_137.png","Good chair"
"3MA5N0ATUFNKLA4IFH9JTUNPGVDWK0","3SGAN4GQ98WBMVBHQXPZCGZTTF3DXG","Choose if a chair looks like a real chair or not","Categorize the given content to see if it is likely to be an acceptable model of a chair","categorize, image","$0.00","Thu Oct 17 13:28:11 PDT 2019","1","BatchId:3804975;OriginalHitTemplateId:928390873;","300","604800","Sat Nov 16 12:28:11 PST 2019","","","37UQDCYH617LYQVNWFKGS7VFLS67VA","A1GKD3NG1NNHRP","Submitted","Thu Oct 17 13:30:42 PDT 2019","Thu Oct 17 13:30:55 PDT 2019","Thu Oct 24 13:30:55 PDT 2019","","","","13","0% (0/0)","0% (0/0)","0% (0/0)","all_views_138.png","Bad chair"
"3W1K7D6QTETNM25TKRGXTVYHA38ZB9","3SGAN4GQ98WBMVBHQXPZCGZTTF3DXG","Choose if a chair looks like a real chair or not","Categorize the given content to see if it is likely to be an acceptable model of a chair","categorize, image","$0.00","Thu Oct 17 13:28:11 PDT 2019","1","BatchId:3804975;OriginalHitTemplateId:928390873;","300","604800","Sat Nov 16 12:28:11 PST 2019","","","3MD9PLUKKMQRAVSKDJQ89AU19JENZ0","ASWZO1WY1UHEP","Submitted","Thu Oct 17 14:35:30 PDT 2019","Thu Oct 17 14:35:48 PDT 2019","Thu Oct 24 14:35:48 PDT 2019","","","","18","0% (0/0)","0% (0/0)","0% (0/0)","all_views_139.png","Inconclusive but likely good"
"3KI0JD2ZV4UYWGIS5576RVJQM9L765","3SGAN4GQ98WBMVBHQXPZCGZTTF3DXG","Choose if a chair looks like a real chair or not","Categorize the given content to see if it is likely to be an acceptable model of a chair","categorize, image","$0.00","Thu Oct 17 13:28:11 PDT 2019","1","BatchId:3804975;OriginalHitTemplateId:928390873;","300","604800","Sat Nov 16 12:28:11 PST 2019","","","3F0BG9B9MTZ22KQS1Q70Z6Z93B2Y78","AZGOCZR5GZH09","Submitted","Thu Oct 17 16:21:25 PDT 2019","Thu Oct 17 16:21:32 PDT 2019","Thu Oct 24 16:21:32 PDT 2019","","","","7","0% (0/0)","0% (0/0)","0% (0/0)","all_views_14.png","Bad chair"
"33KMQD9OGMQH0GWXOFCYX9JMHK5774","3SGAN4GQ98WBMVBHQXPZCGZTTF3DXG","Choose if a chair looks like a real chair or not","Categorize the given content to see if it is likely to be an acceptable model of a chair","categorize, image","$0.00","Thu Oct 17 13:28:11 PDT 2019","1","BatchId:3804975;OriginalHitTemplateId:928390873;","300","604800","Sat Nov 16 12:28:11 PST 2019","","","3SPJ033425FVMFRU2ZWX2W4IU49YJI","A24JKHC4HTY6CD","Submitted","Thu Oct 17 13:34:35 PDT 2019","Thu Oct 17 13:35:00 PDT 2019","Thu Oct 24 13:35:00 PDT 2019","","","","25","0% (0/0)","0% (0/0)","0% (0/0)","all_views_140.png","Good chair"
"31HLTCK4CO724Z8UZGJ890CI25VGV8","3SGAN4GQ98WBMVBHQXPZCGZTTF3DXG","Choose if a chair looks like a real chair or not","Categorize the given content to see if it is likely to be an acceptable model of a chair","categorize, image","$0.00","Thu Oct 17 13:28:11 PDT 2019","1","BatchId:3804975;OriginalHitTemplateId:928390873;","300","604800","Sat Nov 16 12:28:11 PST 2019","","","3X1FV8S5J134RJ6OPIOAYK88KXIVGY","AZGOCZR5GZH09","Submitted","Thu Oct 17 16:19:27 PDT 2019","Thu Oct 17 16:19:39 PDT 2019","Thu Oct 24 16:19:39 PDT 2019","","","","12","0% (0/0)","0% (0/0)","0% (0/0)","all_views_141.png","Good chair"
"3OJX0UFJ12JNCAWMGK3TLXOCKLR9UL","3SGAN4GQ98WBMVBHQXPZCGZTTF3DXG","Choose if a chair looks like a real chair or not","Categorize the given content to see if it is likely to be an acceptable model of a chair","categorize, image","$0.00","Thu Oct 17 13:28:11 PDT 2019","1","BatchId:3804975;OriginalHitTemplateId:928390873;","300","604800","Sat Nov 16 12:28:11 PST 2019","","","34QN5IT0T33953ZQ3NOXLE1K2HV804","A28JSVZ71QKH8Q","Submitted","Thu Oct 17 14:30:42 PDT 2019","Thu Oct 17 14:31:03 PDT 2019","Thu Oct 24 14:31:03 PDT 2019","","","","21","0% (0/0)","0% (0/0)","0% (0/0)","all_views_142.png","Bad chair"
"3Z33IC0JD3YNPPLMLADYHJQVYS09VA","3SGAN4GQ98WBMVBHQXPZCGZTTF3DXG","Choose if a chair looks like a real chair or not","Categorize the given content to see if it is likely to be an acceptable model of a chair","categorize, image","$0.00","Thu Oct 17 13:28:12 PDT 2019","1","BatchId:3804975;OriginalHitTemplateId:928390873;","300","604800","Sat Nov 16 12:28:12 PST 2019","","","3XC1O3LBOWY50JG0VELBAUPVJSFLT3","A2WQ7MHWMGHJ9J","Submitted","Thu Oct 17 14:02:14 PDT 2019","Thu Oct 17 14:02:34 PDT 2019","Thu Oct 24 14:02:34 PDT 2019","","","","20","0% (0/0)","0% (0/0)","0% (0/0)","all_views_143.png","Inconclusive but likely good"
"3RTFSSG7UBIV5GM00HLK8U045VIWL3","3SGAN4GQ98WBMVBHQXPZCGZTTF3DXG","Choose if a chair looks like a real chair or not","Categorize the given content to see if it is likely to be an acceptable model of a chair","categorize, image","$0.00","Thu Oct 17 13:28:12 PDT 2019","1","BatchId:3804975;OriginalHitTemplateId:928390873;","300","604800","Sat Nov 16 12:28:12 PST 2019","","","32ZKVD547JZOOTWUPMQQEEPSDY3B32","A20PV3RB3I0W8S","Submitted","Thu Oct 17 13:29:38 PDT 2019","Thu Oct 17 13:31:21 PDT 2019","Thu Oct 24 13:31:21 PDT 2019","","","","103","0% (0/0)","0% (0/0)","0% (0/0)","all_views_144.png","Good chair"
"356TQKY9YI9L0U1GYK44B9FHS4B78R","3SGAN4GQ98WBMVBHQXPZCGZTTF3DXG","Choose if a chair looks like a real chair or not","Categorize the given content to see if it is likely to be an acceptable model of a chair","categorize, image","$0.00","Thu Oct 17 13:28:12 PDT 2019","1","BatchId:3804975;OriginalHitTemplateId:928390873;","300","604800","Sat Nov 16 12:28:12 PST 2019","","","3YZ8UPK3VXYRXS1JI6IMC7LA8WNCUI","A1GKD3NG1NNHRP","Submitted","Thu Oct 17 13:29:47 PDT 2019","Thu Oct 17 13:29:52 PDT 2019","Thu Oct 24 13:29:52 PDT 2019","","","","5","0% (0/0)","0% (0/0)","0% (0/0)","all_views_145.png","Good chair"
"3J9L0X0VEIY04ELRBKIU3L995129WK","3SGAN4GQ98WBMVBHQXPZCGZTTF3DXG","Choose if a chair looks like a real chair or not","Categorize the given content to see if it is likely to be an acceptable model of a chair","categorize, image","$0.00","Thu Oct 17 13:28:12 PDT 2019","1","BatchId:3804975;OriginalHitTemplateId:928390873;","300","604800","Sat Nov 16 12:28:12 PST 2019","","","3I2PTA7R3X6HOX6QTAFFQP1TAMKKQW","AZGOCZR5GZH09","Submitted","Thu Oct 17 16:18:36 PDT 2019","Thu Oct 17 16:18:45 PDT 2019","Thu Oct 24 16:18:45 PDT 2019","","","","9","0% (0/0)","0% (0/0)","0% (0/0)","all_views_146.png","Bad chair"
"33Q5P9PUTSY6W7XZYRCS4F4ZSO8ZCG","3SGAN4GQ98WBMVBHQXPZCGZTTF3DXG","Choose if a chair looks like a real chair or not","Categorize the given content to see if it is likely to be an acceptable model of a chair","categorize, image","$0.00","Thu Oct 17 13:28:12 PDT 2019","1","BatchId:3804975;OriginalHitTemplateId:928390873;","300","604800","Sat Nov 16 12:28:12 PST 2019","","","3PQMUDRV7VID14SJGZPU47VUR8FIIH","AZGOCZR5GZH09","Submitted","Thu Oct 17 16:21:08 PDT 2019","Thu Oct 17 16:21:16 PDT 2019","Thu Oct 24 16:21:16 PDT 2019","","","","8","0% (0/0)","0% (0/0)","0% (0/0)","all_views_147.png","Bad chair"
"3RDTX9JRU1DLEZKQ3CAIB5ASCAT79G","3SGAN4GQ98WBMVBHQXPZCGZTTF3DXG","Choose if a chair looks like a real chair or not","Categorize the given content to see if it is likely to be an acceptable model of a chair","categorize, image","$0.00","Thu Oct 17 13:28:12 PDT 2019","1","BatchId:3804975;OriginalHitTemplateId:928390873;","300","604800","Sat Nov 16 12:28:12 PST 2019","","","3GA6AFUKOS0YF6ZGPE0M0PSQ8B93HB","A1GKD3NG1NNHRP","Submitted","Thu Oct 17 13:31:00 PDT 2019","Thu Oct 17 13:31:04 PDT 2019","Thu Oct 24 13:31:04 PDT 2019","","","","4","0% (0/0)","0% (0/0)","0% (0/0)","all_views_148.png","Good chair"
"3A3KKYU7Q6TFBY4L0TMZ87FT508WM5","3SGAN4GQ98WBMVBHQXPZCGZTTF3DXG","Choose if a chair looks like a real chair or not","Categorize the given content to see if it is likely to be an acceptable model of a chair","categorize, image","$0.00","Thu Oct 17 13:28:12 PDT 2019","1","BatchId:3804975;OriginalHitTemplateId:928390873;","300","604800","Sat Nov 16 12:28:12 PST 2019","","","3U088ZLJVO5KV4V81Q43ZU46KOWW05","A28JSVZ71QKH8Q","Submitted","Thu Oct 17 14:28:26 PDT 2019","Thu Oct 17 14:29:53 PDT 2019","Thu Oct 24 14:29:53 PDT 2019","","","","87","0% (0/0)","0% (0/0)","0% (0/0)","all_views_149.png","Inconclusive but likely good"
"3UV0D2KX2PVXWMTK40C3IPCTO6Y4FL","3SGAN4GQ98WBMVBHQXPZCGZTTF3DXG","Choose if a chair looks like a real chair or not","Categorize the given content to see if it is likely to be an acceptable model of a chair","categorize, image","$0.00","Thu Oct 17 13:28:12 PDT 2019","1","BatchId:3804975;OriginalHitTemplateId:928390873;","300","604800","Sat Nov 16 12:28:12 PST 2019","","","31LVTDXBLBMSK438RPGGAFODV7ULR2","A28JSVZ71QKH8Q","Submitted","Thu Oct 17 14:31:18 PDT 2019","Thu Oct 17 14:31:43 PDT 2019","Thu Oct 24 14:31:43 PDT 2019","","","","25","0% (0/0)","0% (0/0)","0% (0/0)","all_views_15.png","Bad chair"
"3K8CQCU3LHDLTGPLCU1ZLM4TAQIWN5","3SGAN4GQ98WBMVBHQXPZCGZTTF3DXG","Choose if a chair looks like a real chair or not","Categorize the given content to see if it is likely to be an acceptable model of a chair","categorize, image","$0.00","Thu Oct 17 13:28:12 PDT 2019","1","BatchId:3804975;OriginalHitTemplateId:928390873;","300","604800","Sat Nov 16 12:28:12 PST 2019","","","373ERPL3YSKG3HBD0YI7W6YUPLDRTA","AZGOCZR5GZH09","Submitted","Thu Oct 17 16:18:54 PDT 2019","Thu Oct 17 16:19:06 PDT 2019","Thu Oct 24 16:19:06 PDT 2019","","","","12","0% (0/0)","0% (0/0)","0% (0/0)","all_views_150.png","Inconclusive but likely bad"
"3H1C3QRA14V8LC6324YFJ53H4I0ECQ","3SGAN4GQ98WBMVBHQXPZCGZTTF3DXG","Choose if a chair looks like a real chair or not","Categorize the given content to see if it is likely to be an acceptable model of a chair","categorize, image","$0.00","Thu Oct 17 13:28:12 PDT 2019","1","BatchId:3804975;OriginalHitTemplateId:928390873;","300","604800","Sat Nov 16 12:28:12 PST 2019","","","3L70J4KAZKYHNBTZCXW6WCRYMV3DA7","AZGOCZR5GZH09","Submitted","Thu Oct 17 16:22:39 PDT 2019","Thu Oct 17 16:22:47 PDT 2019","Thu Oct 24 16:22:47 PDT 2019","","","","8","0% (0/0)","0% (0/0)","0% (0/0)","all_views_151.png","Bad chair"
"3LN3BXKGD37FJO8ZPQO4V2VW9EXGWI","3SGAN4GQ98WBMVBHQXPZCGZTTF3DXG","Choose if a chair looks like a real chair or not","Categorize the given content to see if it is likely to be an acceptable model of a chair","categorize, image","$0.00","Thu Oct 17 13:28:12 PDT 2019","1","BatchId:3804975;OriginalHitTemplateId:928390873;","300","604800","Sat Nov 16 12:28:12 PST 2019","","","31Q0U3WYDTR5CEFPP10RLJOZWOB17R","A2P065E9CYMYJL","Submitted","Thu Oct 17 13:50:24 PDT 2019","Thu Oct 17 13:50:45 PDT 2019","Thu Oct 24 13:50:45 PDT 2019","","","","21","0% (0/0)","0% (0/0)","0% (0/0)","all_views_152.png","Good chair"
"3PR3LXCWTIBFTEQHLPEG54NGE389XD","3SGAN4GQ98WBMVBHQXPZCGZTTF3DXG","Choose if a chair looks like a real chair or not","Categorize the given content to see if it is likely to be an acceptable model of a chair","categorize, image","$0.00","Thu Oct 17 13:28:12 PDT 2019","1","BatchId:3804975;OriginalHitTemplateId:928390873;","300","604800","Sat Nov 16 12:28:12 PST 2019","","","3OUYGIZWRBAUBVY7P4Q870WARST0PG","A3AYR3H2AYYT5G","Submitted","Thu Oct 17 16:19:20 PDT 2019","Thu Oct 17 16:19:38 PDT 2019","Thu Oct 24 16:19:38 PDT 2019","","","","18","0% (0/0)","0% (0/0)","0% (0/0)","all_views_153.png","Good chair"
"3B6F54KMS5OP8S1NN2T0RQO51CI1SO","3SGAN4GQ98WBMVBHQXPZCGZTTF3DXG","Choose if a chair looks like a real chair or not","Categorize the given content to see if it is likely to be an acceptable model of a chair","categorize, image","$0.00","Thu Oct 17 13:28:12 PDT 2019","1","BatchId:3804975;OriginalHitTemplateId:928390873;","300","604800","Sat Nov 16 12:28:12 PST 2019","","","3UJ1CZ6IZL1QJU00ER0EJ0XCVKAS58","AZGOCZR5GZH09","Submitted","Thu Oct 17 16:19:06 PDT 2019","Thu Oct 17 16:19:15 PDT 2019","Thu Oct 24 16:19:15 PDT 2019","","","","9","0% (0/0)","0% (0/0)","0% (0/0)","all_views_154.png","Inconclusive but likely bad"
"3QE4DGPGCUN3AMPFFKIL0AC5PLY4GK","3SGAN4GQ98WBMVBHQXPZCGZTTF3DXG","Choose if a chair looks like a real chair or not","Categorize the given content to see if it is likely to be an acceptable model of a chair","categorize, image","$0.00","Thu Oct 17 13:28:12 PDT 2019","1","BatchId:3804975;OriginalHitTemplateId:928390873;","300","604800","Sat Nov 16 12:28:12 PST 2019","","","3R3YRB5GRJF34D4LYSMV6CVM8VYAUE","AZGOCZR5GZH09","Submitted","Thu Oct 17 16:22:59 PDT 2019","Thu Oct 17 16:23:21 PDT 2019","Thu Oct 24 16:23:21 PDT 2019","","","","22","0% (0/0)","0% (0/0)","0% (0/0)","all_views_155.png","Inconclusive but likely bad"
"371QPA24D50QNSE2C2YQ1VKR3VW1TD","3SGAN4GQ98WBMVBHQXPZCGZTTF3DXG","Choose if a chair looks like a real chair or not","Categorize the given content to see if it is likely to be an acceptable model of a chair","categorize, image","$0.00","Thu Oct 17 13:28:12 PDT 2019","1","BatchId:3804975;OriginalHitTemplateId:928390873;","300","604800","Sat Nov 16 12:28:12 PST 2019","","","3Z4GS9HPNZMJN0UREHH0MTFCZCT77G","AZGOCZR5GZH09","Submitted","Thu Oct 17 16:20:07 PDT 2019","Thu Oct 17 16:20:15 PDT 2019","Thu Oct 24 16:20:15 PDT 2019","","","","8","0% (0/0)","0% (0/0)","0% (0/0)","all_views_156.png","Good chair"
"359AP8GAHJWNCXRTFWK9DVB0IVWC72","3SGAN4GQ98WBMVBHQXPZCGZTTF3DXG","Choose if a chair looks like a real chair or not","Categorize the given content to see if it is likely to be an acceptable model of a chair","categorize, image","$0.00","Thu Oct 17 13:28:12 PDT 2019","1","BatchId:3804975;OriginalHitTemplateId:928390873;","300","604800","Sat Nov 16 12:28:12 PST 2019","","","3ZWFC4W1UYJ6KCTC5EDIF2JTYABRF4","A1GKD3NG1NNHRP","Submitted","Thu Oct 17 13:30:16 PDT 2019","Thu Oct 17 13:30:42 PDT 2019","Thu Oct 24 13:30:42 PDT 2019","","","","26","0% (0/0)","0% (0/0)","0% (0/0)","all_views_157.png","Bad chair"
"3SBNLSTU7XHG1Z3DYN73OLMHDOKZDG","3SGAN4GQ98WBMVBHQXPZCGZTTF3DXG","Choose if a chair looks like a real chair or not","Categorize the given content to see if it is likely to be an acceptable model of a chair","categorize, image","$0.00","Thu Oct 17 13:28:12 PDT 2019","1","BatchId:3804975;OriginalHitTemplateId:928390873;","300","604800","Sat Nov 16 12:28:12 PST 2019","","","3TE22NPXPFOPLQUPALLMG5BSH8C448","AZGOCZR5GZH09","Submitted","Thu Oct 17 16:18:11 PDT 2019","Thu Oct 17 16:18:27 PDT 2019","Thu Oct 24 16:18:27 PDT 2019","","","","16","0% (0/0)","0% (0/0)","0% (0/0)","all_views_158.png","Bad chair"
"3YD0MU1ND5DZJIUVVIOI70LCISB7AV","3SGAN4GQ98WBMVBHQXPZCGZTTF3DXG","Choose if a chair looks like a real chair or not","Categorize the given content to see if it is likely to be an acceptable model of a chair","categorize, image","$0.00","Thu Oct 17 13:28:12 PDT 2019","1","BatchId:3804975;OriginalHitTemplateId:928390873;","300","604800","Sat Nov 16 12:28:12 PST 2019","","","3GFK2QRXXDTJQBH9YWAFGP0X1W95W1","A2D9Y10C4F0Y9O","Submitted","Thu Oct 17 14:30:51 PDT 2019","Thu Oct 17 14:31:07 PDT 2019","Thu Oct 24 14:31:07 PDT 2019","","","","16","0% (0/0)","0% (0/0)","0% (0/0)","all_views_159.png","Inconclusive but likely bad"
"3R5LWXWHS3KU8ODPZVKQXL93IG3GXB","3SGAN4GQ98WBMVBHQXPZCGZTTF3DXG","Choose if a chair looks like a real chair or not","Categorize the given content to see if it is likely to be an acceptable model of a chair","categorize, image","$0.00","Thu Oct 17 13:28:12 PDT 2019","1","BatchId:3804975;OriginalHitTemplateId:928390873;","300","604800","Sat Nov 16 12:28:12 PST 2019","","","3MB8LZR5BJ56X0QD157J932Z0ECKLI","AHHQH4XLFWTMG","Submitted","Thu Oct 17 13:45:44 PDT 2019","Thu Oct 17 13:45:50 PDT 2019","Thu Oct 24 13:45:50 PDT 2019","","","","6","0% (0/0)","0% (0/0)","0% (0/0)","all_views_16.png","Good chair"
"3DTJ4WT8CGRLT5HDUIINU342D0LZE9","3SGAN4GQ98WBMVBHQXPZCGZTTF3DXG","Choose if a chair looks like a real chair or not","Categorize the given content to see if it is likely to be an acceptable model of a chair","categorize, image","$0.00","Thu Oct 17 13:28:12 PDT 2019","1","BatchId:3804975;OriginalHitTemplateId:928390873;","300","604800","Sat Nov 16 12:28:12 PST 2019","","","3DPNQGW4LPR30DY3T9E1D3V6DX564E","A1G5UODTVW13MM","Submitted","Thu Oct 17 13:55:43 PDT 2019","Thu Oct 17 13:55:52 PDT 2019","Thu Oct 24 13:55:52 PDT 2019","","","","9","0% (0/0)","0% (0/0)","0% (0/0)","all_views_160.png","Good chair"
"37VHPF5VZFFRCBWCP1CFRV7VTF2C8P","3SGAN4GQ98WBMVBHQXPZCGZTTF3DXG","Choose if a chair looks like a real chair or not","Categorize the given content to see if it is likely to be an acceptable model of a chair","categorize, image","$0.00","Thu Oct 17 13:28:12 PDT 2019","1","BatchId:3804975;OriginalHitTemplateId:928390873;","300","604800","Sat Nov 16 12:28:12 PST 2019","","","3WSELTNVR7EO40PWYNWL1G9KPHQATM","AZGOCZR5GZH09","Submitted","Thu Oct 17 16:20:49 PDT 2019","Thu Oct 17 16:20:59 PDT 2019","Thu Oct 24 16:20:59 PDT 2019","","","","10","0% (0/0)","0% (0/0)","0% (0/0)","all_views_161.png","Good chair"
"32CAVSKPDH15N5TRC7O06R6TM931U4","3SGAN4GQ98WBMVBHQXPZCGZTTF3DXG","Choose if a chair looks like a real chair or not","Categorize the given content to see if it is likely to be an acceptable model of a chair","categorize, image","$0.00","Thu Oct 17 13:28:12 PDT 2019","1","BatchId:3804975;OriginalHitTemplateId:928390873;","300","604800","Sat Nov 16 12:28:12 PST 2019","","","3D3VGR7TA4RB40DJLJCGETUWVL3R3U","A28JSVZ71QKH8Q","Submitted","Thu Oct 17 14:31:49 PDT 2019","Thu Oct 17 14:32:52 PDT 2019","Thu Oct 24 14:32:52 PDT 2019","","","","63","0% (0/0)","0% (0/0)","0% (0/0)","all_views_162.png","Bad chair"
"3VP28W7DVQWDZJH9PT2TCLP2P10ZFR","3SGAN4GQ98WBMVBHQXPZCGZTTF3DXG","Choose if a chair looks like a real chair or not","Categorize the given content to see if it is likely to be an acceptable model of a chair","categorize, image","$0.00","Thu Oct 17 13:28:12 PDT 2019","1","BatchId:3804975;OriginalHitTemplateId:928390873;","300","604800","Sat Nov 16 12:28:12 PST 2019","","","3QHK8ZVMIQU54XMJVSUQA0J9DK4LB0","AHHQH4XLFWTMG","Submitted","Thu Oct 17 13:47:01 PDT 2019","Thu Oct 17 13:47:12 PDT 2019","Thu Oct 24 13:47:12 PDT 2019","","","","11","0% (0/0)","0% (0/0)","0% (0/0)","all_views_163.png","Inconclusive but likely good"
"3DWGDA5PPIG50KIRHXY52D8C0GC1VT","3SGAN4GQ98WBMVBHQXPZCGZTTF3DXG","Choose if a chair looks like a real chair or not","Categorize the given content to see if it is likely to be an acceptable model of a chair","categorize, image","$0.00","Thu Oct 17 13:28:12 PDT 2019","1","BatchId:3804975;OriginalHitTemplateId:928390873;","300","604800","Sat Nov 16 12:28:12 PST 2019","","","3V26SBZTBHQLRK63G7124X1AJYKZZT","AZGOCZR5GZH09","Submitted","Thu Oct 17 16:24:42 PDT 2019","Thu Oct 17 16:24:53 PDT 2019","Thu Oct 24 16:24:53 PDT 2019","","","","11","0% (0/0)","0% (0/0)","0% (0/0)","all_views_164.png","Inconclusive but likely good"
"3R868ACW5VOJDJD40D8BU6PEQG0ZGQ","3SGAN4GQ98WBMVBHQXPZCGZTTF3DXG","Choose if a chair looks like a real chair or not","Categorize the given content to see if it is likely to be an acceptable model of a chair","categorize, image","$0.00","Thu Oct 17 13:28:13 PDT 2019","1","BatchId:3804975;OriginalHitTemplateId:928390873;","300","604800","Sat Nov 16 12:28:13 PST 2019","","","3U5NZHP4LVE5MV43NCXTDSVRD9VPH7","AZGOCZR5GZH09","Submitted","Thu Oct 17 16:20:40 PDT 2019","Thu Oct 17 16:20:48 PDT 2019","Thu Oct 24 16:20:48 PDT 2019","","","","8","0% (0/0)","0% (0/0)","0% (0/0)","all_views_165.png","Good chair"
"3X2YVV51QXGIF9IW7731OFRQ7PE1W3","3SGAN4GQ98WBMVBHQXPZCGZTTF3DXG","Choose if a chair looks like a real chair or not","Categorize the given content to see if it is likely to be an acceptable model of a chair","categorize, image","$0.00","Thu Oct 17 13:28:13 PDT 2019","1","BatchId:3804975;OriginalHitTemplateId:928390873;","300","604800","Sat Nov 16 12:28:13 PST 2019","","","33FBRBDW6SBTZVU6F3HHGF3LB7SC83","AZGOCZR5GZH09","Submitted","Thu Oct 17 16:24:15 PDT 2019","Thu Oct 17 16:24:24 PDT 2019","Thu Oct 24 16:24:24 PDT 2019","","","","9","0% (0/0)","0% (0/0)","0% (0/0)","all_views_166.png","Bad chair"
"3YKP7CX6H5R42SZN1WOE2B5I0AW7BQ","3SGAN4GQ98WBMVBHQXPZCGZTTF3DXG","Choose if a chair looks like a real chair or not","Categorize the given content to see if it is likely to be an acceptable model of a chair","categorize, image","$0.00","Thu Oct 17 13:28:13 PDT 2019","1","BatchId:3804975;OriginalHitTemplateId:928390873;","300","604800","Sat Nov 16 12:28:13 PST 2019","","","3X3OR7WPZ3CM2ZOCSGAGJYT85G48LD","AZGOCZR5GZH09","Submitted","Thu Oct 17 16:19:39 PDT 2019","Thu Oct 17 16:19:52 PDT 2019","Thu Oct 24 16:19:52 PDT 2019","","","","13","0% (0/0)","0% (0/0)","0% (0/0)","all_views_167.png","Inconclusive but likely good"
"379OL9DBTVQ4TJGRQL0IOIUPG929YJ","3SGAN4GQ98WBMVBHQXPZCGZTTF3DXG","Choose if a chair looks like a real chair or not","Categorize the given content to see if it is likely to be an acceptable model of a chair","categorize, image","$0.00","Thu Oct 17 13:28:13 PDT 2019","1","BatchId:3804975;OriginalHitTemplateId:928390873;","300","604800","Sat Nov 16 12:28:13 PST 2019","","","3DIP6YHAPG48WTEKBUNC633OWHK8E3","AYS5D72DT1WNT","Submitted","Thu Oct 17 13:49:15 PDT 2019","Thu Oct 17 13:50:10 PDT 2019","Thu Oct 24 13:50:10 PDT 2019","","","","55","0% (0/0)","0% (0/0)","0% (0/0)","all_views_168.png","Good chair"
"39I4RL8QHMTHAIKQZQ03LAO64LB4HJ","3SGAN4GQ98WBMVBHQXPZCGZTTF3DXG","Choose if a chair looks like a real chair or not","Categorize the given content to see if it is likely to be an acceptable model of a chair","categorize, image","$0.00","Thu Oct 17 13:28:13 PDT 2019","1","BatchId:3804975;OriginalHitTemplateId:928390873;","300","604800","Sat Nov 16 12:28:13 PST 2019","","","3D8YOU6S9IW2HBSI8F5JQ7T0CAS6U0","A33PQXKQHFVF3V","Submitted","Thu Oct 17 13:54:08 PDT 2019","Thu Oct 17 13:54:14 PDT 2019","Thu Oct 24 13:54:14 PDT 2019","","","","6","0% (0/0)","0% (0/0)","0% (0/0)","all_views_169.png","Good chair"
"3DIIW4IV9S7H6DVA58IOLMPL4YQ4IC","3SGAN4GQ98WBMVBHQXPZCGZTTF3DXG","Choose if a chair looks like a real chair or not","Categorize the given content to see if it is likely to be an acceptable model of a chair","categorize, image","$0.00","Thu Oct 17 13:28:13 PDT 2019","1","BatchId:3804975;OriginalHitTemplateId:928390873;","300","604800","Sat Nov 16 12:28:13 PST 2019","","","3HRMW88U1A2OQS1UXOYGQW2FMLXM0H","AHHQH4XLFWTMG","Submitted","Thu Oct 17 13:46:34 PDT 2019","Thu Oct 17 13:46:40 PDT 2019","Thu Oct 24 13:46:40 PDT 2019","","","","6","0% (0/0)","0% (0/0)","0% (0/0)","all_views_17.png","Good chair"
"3T2HW4QDVYJRQGFMUTITRR26DLKC9E","3SGAN4GQ98WBMVBHQXPZCGZTTF3DXG","Choose if a chair looks like a real chair or not","Categorize the given content to see if it is likely to be an acceptable model of a chair","categorize, image","$0.00","Thu Oct 17 13:28:13 PDT 2019","1","BatchId:3804975;OriginalHitTemplateId:928390873;","300","604800","Sat Nov 16 12:28:13 PST 2019","","","3HVVDCPGTI4P0INZETA142RRS7XTYH","A14IJQEFPE370M","Submitted","Thu Oct 17 14:38:28 PDT 2019","Thu Oct 17 14:40:35 PDT 2019","Thu Oct 24 14:40:35 PDT 2019","","","","127","0% (0/0)","0% (0/0)","0% (0/0)","all_views_170.png","Inconclusive but likely bad"
"39N6W9XWSGZJ8T3Z4R6SGZGCKMXGYH","3SGAN4GQ98WBMVBHQXPZCGZTTF3DXG","Choose if a chair looks like a real chair or not","Categorize the given content to see if it is likely to be an acceptable model of a chair","categorize, image","$0.00","Thu Oct 17 13:28:13 PDT 2019","1","BatchId:3804975;OriginalHitTemplateId:928390873;","300","604800","Sat Nov 16 12:28:13 PST 2019","","","3ZAK8W07I8Q730636QP2H6J9Z9MU07","AZGOCZR5GZH09","Submitted","Thu Oct 17 16:24:07 PDT 2019","Thu Oct 17 16:24:14 PDT 2019","Thu Oct 24 16:24:14 PDT 2019","","","","7","0% (0/0)","0% (0/0)","0% (0/0)","all_views_171.png","Bad chair"
"3DWNFENNF67D1OFGNQ3OXN4LHDF4JO","3SGAN4GQ98WBMVBHQXPZCGZTTF3DXG","Choose if a chair looks like a real chair or not","Categorize the given content to see if it is likely to be an acceptable model of a chair","categorize, image","$0.00","Thu Oct 17 13:28:13 PDT 2019","1","BatchId:3804975;OriginalHitTemplateId:928390873;","300","604800","Sat Nov 16 12:28:13 PST 2019","","","3EG49X351YOUYFMDDKG6AES46UPX63","AZGOCZR5GZH09","Submitted","Thu Oct 17 16:24:24 PDT 2019","Thu Oct 17 16:24:31 PDT 2019","Thu Oct 24 16:24:31 PDT 2019","","","","7","0% (0/0)","0% (0/0)","0% (0/0)","all_views_172.png","Good chair"
"3R868ACW5VOJDJD40D8BU6PEQG1GZ8","3SGAN4GQ98WBMVBHQXPZCGZTTF3DXG","Choose if a chair looks like a real chair or not","Categorize the given content to see if it is likely to be an acceptable model of a chair","categorize, image","$0.00","Thu Oct 17 13:28:13 PDT 2019","1","BatchId:3804975;OriginalHitTemplateId:928390873;","300","604800","Sat Nov 16 12:28:13 PST 2019","","","3E13VNJ1NR721YWL8S4OC8E8A661IA","AZGOCZR5GZH09","Submitted","Thu Oct 17 16:23:56 PDT 2019","Thu Oct 17 16:24:07 PDT 2019","Thu Oct 24 16:24:07 PDT 2019","","","","11","0% (0/0)","0% (0/0)","0% (0/0)","all_views_173.png","Good chair"
"36MUZ9VAF9EIQ4CH20TQ3BLZPICEDQ","3SGAN4GQ98WBMVBHQXPZCGZTTF3DXG","Choose if a chair looks like a real chair or not","Categorize the given content to see if it is likely to be an acceptable model of a chair","categorize, image","$0.00","Thu Oct 17 13:28:13 PDT 2019","1","BatchId:3804975;OriginalHitTemplateId:928390873;","300","604800","Sat Nov 16 12:28:13 PST 2019","","","3RSDURM96EYNBZ52OYL65GRQPWMEYM","A2GTJ0BD4CG1A2","Submitted","Thu Oct 17 13:48:10 PDT 2019","Thu Oct 17 13:49:11 PDT 2019","Thu Oct 24 13:49:11 PDT 2019","","","","61","0% (0/0)","0% (0/0)","0% (0/0)","all_views_174.png","Bad chair"
"359AP8GAHJWNCXRTFWK9DVB0IVW7CX","3SGAN4GQ98WBMVBHQXPZCGZTTF3DXG","Choose if a chair looks like a real chair or not","Categorize the given content to see if it is likely to be an acceptable model of a chair","categorize, image","$0.00","Thu Oct 17 13:28:13 PDT 2019","1","BatchId:3804975;OriginalHitTemplateId:928390873;","300","604800","Sat Nov 16 12:28:13 PST 2019","","","3F0BG9B9MTZ22KQS1Q70Z6Z939H7YS","AHHQH4XLFWTMG","Submitted","Thu Oct 17 13:45:53 PDT 2019","Thu Oct 17 13:46:01 PDT 2019","Thu Oct 24 13:46:01 PDT 2019","","","","8","0% (0/0)","0% (0/0)","0% (0/0)","all_views_175.png","Bad chair"
"3FVBZG9CMMQ0BU2PGPD197YTN9VH0G","3SGAN4GQ98WBMVBHQXPZCGZTTF3DXG","Choose if a chair looks like a real chair or not","Categorize the given content to see if it is likely to be an acceptable model of a chair","categorize, image","$0.00","Thu Oct 17 13:28:13 PDT 2019","1","BatchId:3804975;OriginalHitTemplateId:928390873;","300","604800","Sat Nov 16 12:28:13 PST 2019","","","3PWWM24LHWAG1D24IASB42UZZGB28G","A3AYR3H2AYYT5G","Submitted","Thu Oct 17 16:14:58 PDT 2019","Thu Oct 17 16:18:31 PDT 2019","Thu Oct 24 16:18:31 PDT 2019","","","","213","0% (0/0)","0% (0/0)","0% (0/0)","all_views_176.png","Bad chair"
"3AC6MFV6ANUXDF8FKJQTF61F5GDZHP","3SGAN4GQ98WBMVBHQXPZCGZTTF3DXG","Choose if a chair looks like a real chair or not","Categorize the given content to see if it is likely to be an acceptable model of a chair","categorize, image","$0.00","Thu Oct 17 13:28:13 PDT 2019","1","BatchId:3804975;OriginalHitTemplateId:928390873;","300","604800","Sat Nov 16 12:28:13 PST 2019","","","3SB5N7Y3O7GOYI58ML0LDRIIQZM0GO","AHHQH4XLFWTMG","Submitted","Thu Oct 17 13:47:13 PDT 2019","Thu Oct 17 13:47:19 PDT 2019","Thu Oct 24 13:47:19 PDT 2019","","","","6","0% (0/0)","0% (0/0)","0% (0/0)","all_views_177.png","Good chair"
"3UUSLRKAVOFXHPX7FSFKX1TI3V87DX","3SGAN4GQ98WBMVBHQXPZCGZTTF3DXG","Choose if a chair looks like a real chair or not","Categorize the given content to see if it is likely to be an acceptable model of a chair","categorize, image","$0.00","Thu Oct 17 13:28:13 PDT 2019","1","BatchId:3804975;OriginalHitTemplateId:928390873;","300","604800","Sat Nov 16 12:28:13 PST 2019","","","3AQF3RZ55CUDYTVSDQAK47SX2OH6F7","A3UDNIK63I8VH1","Submitted","Thu Oct 17 13:59:32 PDT 2019","Thu Oct 17 13:59:43 PDT 2019","Thu Oct 24 13:59:43 PDT 2019","","","","11","0% (0/0)","0% (0/0)","0% (0/0)","all_views_178.png","Inconclusive but likely good"
"3R4QIDVOKSONIAQHYV4A9T3KPUDEEJ","3SGAN4GQ98WBMVBHQXPZCGZTTF3DXG","Choose if a chair looks like a real chair or not","Categorize the given content to see if it is likely to be an acceptable model of a chair","categorize, image","$0.00","Thu Oct 17 13:28:13 PDT 2019","1","BatchId:3804975;OriginalHitTemplateId:928390873;","300","604800","Sat Nov 16 12:28:13 PST 2019","","","3NAPMVF0Z0RC1ZXL8505Q2Y4OV927V","A2D9Y10C4F0Y9O","Submitted","Thu Oct 17 14:29:46 PDT 2019","Thu Oct 17 14:30:21 PDT 2019","Thu Oct 24 14:30:21 PDT 2019","","","","35","0% (0/0)","0% (0/0)","0% (0/0)","all_views_179.png","Inconclusive but likely bad"
"3EHVO81VO8X0IJN7C8H1NCH3S11H1J","3SGAN4GQ98WBMVBHQXPZCGZTTF3DXG","Choose if a chair looks like a real chair or not","Categorize the given content to see if it is likely to be an acceptable model of a chair","categorize, image","$0.00","Thu Oct 17 13:28:13 PDT 2019","1","BatchId:3804975;OriginalHitTemplateId:928390873;","300","604800","Sat Nov 16 12:28:13 PST 2019","","","33C7UALJVPA9CSK8Z6SXZJKU785819","A20MZTV1AZYV9Z","Submitted","Thu Oct 17 13:30:49 PDT 2019","Thu Oct 17 13:31:19 PDT 2019","Thu Oct 24 13:31:19 PDT 2019","","","","30","0% (0/0)","0% (0/0)","0% (0/0)","all_views_18.png","Bad chair"
"3909MD9T32TFOOQDT6OGRBOK1VSEF1","3SGAN4GQ98WBMVBHQXPZCGZTTF3DXG","Choose if a chair looks like a real chair or not","Categorize the given content to see if it is likely to be an acceptable model of a chair","categorize, image","$0.00","Thu Oct 17 13:28:13 PDT 2019","1","BatchId:3804975;OriginalHitTemplateId:928390873;","300","604800","Sat Nov 16 12:28:13 PST 2019","","","3570Y55XZTVLVD1TUTBU5JC22DMGYS","A2U7U0A4G92GTR","Submitted","Thu Oct 17 14:29:17 PDT 2019","Thu Oct 17 14:29:43 PDT 2019","Thu Oct 24 14:29:43 PDT 2019","","","","26","0% (0/0)","0% (0/0)","0% (0/0)","all_views_180.png","Inconclusive but likely good"
"33KGGVH25XTX49NMHCZNQY5XGRK1XW","3SGAN4GQ98WBMVBHQXPZCGZTTF3DXG","Choose if a chair looks like a real chair or not","Categorize the given content to see if it is likely to be an acceptable model of a chair","categorize, image","$0.00","Thu Oct 17 13:28:13 PDT 2019","1","BatchId:3804975;OriginalHitTemplateId:928390873;","300","604800","Sat Nov 16 12:28:13 PST 2019","","","3S4AW7T80FULJY1AGDK32MD33U74L1","AZGOCZR5GZH09","Submitted","Thu Oct 17 16:18:28 PDT 2019","Thu Oct 17 16:18:36 PDT 2019","Thu Oct 24 16:18:36 PDT 2019","","","","8","0% (0/0)","0% (0/0)","0% (0/0)","all_views_181.png","Good chair"
"302OLP89E2J5VZPRMZWTNMDQJ32CAT","3SGAN4GQ98WBMVBHQXPZCGZTTF3DXG","Choose if a chair looks like a real chair or not","Categorize the given content to see if it is likely to be an acceptable model of a chair","categorize, image","$0.00","Thu Oct 17 13:28:13 PDT 2019","1","BatchId:3804975;OriginalHitTemplateId:928390873;","300","604800","Sat Nov 16 12:28:13 PST 2019","","","3T3IWE1XGAZGRGWDNJT7RGOPTXRTQN","AHHQH4XLFWTMG","Submitted","Thu Oct 17 13:47:29 PDT 2019","Thu Oct 17 13:47:41 PDT 2019","Thu Oct 24 13:47:41 PDT 2019","","","","12","0% (0/0)","0% (0/0)","0% (0/0)","all_views_182.png","Inconclusive but likely good"
"3R16PJFTT638C8LY5B30Y24YW2F4KN","3SGAN4GQ98WBMVBHQXPZCGZTTF3DXG","Choose if a chair looks like a real chair or not","Categorize the given content to see if it is likely to be an acceptable model of a chair","categorize, image","$0.00","Thu Oct 17 13:28:13 PDT 2019","1","BatchId:3804975;OriginalHitTemplateId:928390873;","300","604800","Sat Nov 16 12:28:13 PST 2019","","","3R8YZBNQ9LUTTIZ6AGQ6MKW742MQ7Y","AZGOCZR5GZH09","Submitted","Thu Oct 17 16:23:22 PDT 2019","Thu Oct 17 16:23:30 PDT 2019","Thu Oct 24 16:23:30 PDT 2019","","","","8","0% (0/0)","0% (0/0)","0% (0/0)","all_views_183.png","Bad chair"
"309D674SI2XAE9UJSDWPIXXW1LNCBO","3SGAN4GQ98WBMVBHQXPZCGZTTF3DXG","Choose if a chair looks like a real chair or not","Categorize the given content to see if it is likely to be an acceptable model of a chair","categorize, image","$0.00","Thu Oct 17 13:28:14 PDT 2019","1","BatchId:3804975;OriginalHitTemplateId:928390873;","300","604800","Sat Nov 16 12:28:14 PST 2019","","","3X4MXAO0BK08VYF7V3NIJQ5TTD1WR7","AH9Y3W3PJGG32","Submitted","Thu Oct 17 13:30:22 PDT 2019","Thu Oct 17 13:31:00 PDT 2019","Thu Oct 24 13:31:00 PDT 2019","","","","38","0% (0/0)","0% (0/0)","0% (0/0)","all_views_184.png","Good chair"
"35JDMRECD7LL2OM84QUY9WOW2ASEG0","3SGAN4GQ98WBMVBHQXPZCGZTTF3DXG","Choose if a chair looks like a real chair or not","Categorize the given content to see if it is likely to be an acceptable model of a chair","categorize, image","$0.00","Thu Oct 17 13:28:14 PDT 2019","1","BatchId:3804975;OriginalHitTemplateId:928390873;","300","604800","Sat Nov 16 12:28:14 PST 2019","","","3VHP9MDGRRW2EA4TNHNNQ7K7YB2FCK","AZGOCZR5GZH09","Submitted","Thu Oct 17 16:18:45 PDT 2019","Thu Oct 17 16:18:54 PDT 2019","Thu Oct 24 16:18:54 PDT 2019","","","","9","0% (0/0)","0% (0/0)","0% (0/0)","all_views_185.png","Inconclusive but likely good"
"3P0I4CQYW1J3B1PXD91C0B4Y00NWOK","3SGAN4GQ98WBMVBHQXPZCGZTTF3DXG","Choose if a chair looks like a real chair or not","Categorize the given content to see if it is likely to be an acceptable model of a chair","categorize, image","$0.00","Thu Oct 17 13:28:14 PDT 2019","1","BatchId:3804975;OriginalHitTemplateId:928390873;","300","604800","Sat Nov 16 12:28:14 PST 2019","","","3JMSRU9HQM6675AXJNYMYHNW7H5EV2","AZGOCZR5GZH09","Submitted","Thu Oct 17 16:22:10 PDT 2019","Thu Oct 17 16:22:19 PDT 2019","Thu Oct 24 16:22:19 PDT 2019","","","","9","0% (0/0)","0% (0/0)","0% (0/0)","all_views_186.png","Bad chair"
"3FCO4VKO07P29VB7BNQ43JB33797EQ","3SGAN4GQ98WBMVBHQXPZCGZTTF3DXG","Choose if a chair looks like a real chair or not","Categorize the given content to see if it is likely to be an acceptable model of a chair","categorize, image","$0.00","Thu Oct 17 13:28:14 PDT 2019","1","BatchId:3804975;OriginalHitTemplateId:928390873;","300","604800","Sat Nov 16 12:28:14 PST 2019","","","3MRNMEIQW9IYJUK39OLW5Q79G6YLDR","A3RKAMIDHI9NU4","Submitted","Thu Oct 17 14:16:42 PDT 2019","Thu Oct 17 14:17:29 PDT 2019","Thu Oct 24 14:17:29 PDT 2019","","","","47","0% (0/0)","0% (0/0)","0% (0/0)","all_views_187.png","Good chair"
"3H6W48L9G71LW11YS9ERPB9OA5JWP1","3SGAN4GQ98WBMVBHQXPZCGZTTF3DXG","Choose if a chair looks like a real chair or not","Categorize the given content to see if it is likely to be an acceptable model of a chair","categorize, image","$0.00","Thu Oct 17 13:28:14 PDT 2019","1","BatchId:3804975;OriginalHitTemplateId:928390873;","300","604800","Sat Nov 16 12:28:14 PST 2019","","","317HQ483IB45F53ADF2M9FRBD6ANI1","A2D9Y10C4F0Y9O","Submitted","Thu Oct 17 14:30:09 PDT 2019","Thu Oct 17 14:30:27 PDT 2019","Thu Oct 24 14:30:27 PDT 2019","","","","18","0% (0/0)","0% (0/0)","0% (0/0)","all_views_188.png","Good chair"
"3ECKRY5B2T8X9AJZQ18EFI2U5TSZII","3SGAN4GQ98WBMVBHQXPZCGZTTF3DXG","Choose if a chair looks like a real chair or not","Categorize the given content to see if it is likely to be an acceptable model of a chair","categorize, image","$0.00","Thu Oct 17 13:28:14 PDT 2019","1","BatchId:3804975;OriginalHitTemplateId:928390873;","300","604800","Sat Nov 16 12:28:14 PST 2019","","","3VD82FOHKU0WKNHMMK6DD1TLQAIOC0","A3UDNIK63I8VH1","Submitted","Thu Oct 17 13:59:22 PDT 2019","Thu Oct 17 13:59:32 PDT 2019","Thu Oct 24 13:59:32 PDT 2019","","","","10","0% (0/0)","0% (0/0)","0% (0/0)","all_views_189.png","Good chair"
"3WKGUBL7T2YJWE3GQBF1D2HDL2K4LQ","3SGAN4GQ98WBMVBHQXPZCGZTTF3DXG","Choose if a chair looks like a real chair or not","Categorize the given content to see if it is likely to be an acceptable model of a chair","categorize, image","$0.00","Thu Oct 17 13:28:14 PDT 2019","1","BatchId:3804975;OriginalHitTemplateId:928390873;","300","604800","Sat Nov 16 12:28:14 PST 2019","","","3J4Q2Z4UT2F8JX07IOYIE0VOXRZQW0","A1GKD3NG1NNHRP","Submitted","Thu Oct 17 13:29:59 PDT 2019","Thu Oct 17 13:30:15 PDT 2019","Thu Oct 24 13:30:15 PDT 2019","","","","16","0% (0/0)","0% (0/0)","0% (0/0)","all_views_19.png","Inconclusive but likely good"
"37YYO3NWIG2TOEMP6DSKTH3EJ6NCCV","3SGAN4GQ98WBMVBHQXPZCGZTTF3DXG","Choose if a chair looks like a real chair or not","Categorize the given content to see if it is likely to be an acceptable model of a chair","categorize, image","$0.00","Thu Oct 17 13:28:14 PDT 2019","1","BatchId:3804975;OriginalHitTemplateId:928390873;","300","604800","Sat Nov 16 12:28:14 PST 2019","","","3FTF2T8WLVU2RYJL1MNWS55ZNR4W9T","AHHQH4XLFWTMG","Submitted","Thu Oct 17 13:46:05 PDT 2019","Thu Oct 17 13:46:09 PDT 2019","Thu Oct 24 13:46:09 PDT 2019","","","","4","0% (0/0)","0% (0/0)","0% (0/0)","all_views_190.png","Bad chair"
"3L21G7IH5A8M4EDWM8LP9CC6IXE1Y2","3SGAN4GQ98WBMVBHQXPZCGZTTF3DXG","Choose if a chair looks like a real chair or not","Categorize the given content to see if it is likely to be an acceptable model of a chair","categorize, image","$0.00","Thu Oct 17 13:28:14 PDT 2019","1","BatchId:3804975;OriginalHitTemplateId:928390873;","300","604800","Sat Nov 16 12:28:14 PST 2019","","","3I2PTA7R3X6HOX6QTAFFQP1TALCKQM","A2WQ7MHWMGHJ9J","Submitted","Thu Oct 17 14:03:13 PDT 2019","Thu Oct 17 14:03:17 PDT 2019","Thu Oct 24 14:03:17 PDT 2019","","","","4","0% (0/0)","0% (0/0)","0% (0/0)","all_views_191.png","Bad chair"
"3X878VYTJHUUF9B36YAAL1W3F8O7F8","3SGAN4GQ98WBMVBHQXPZCGZTTF3DXG","Choose if a chair looks like a real chair or not","Categorize the given content to see if it is likely to be an acceptable model of a chair","categorize, image","$0.00","Thu Oct 17 13:28:14 PDT 2019","1","BatchId:3804975;OriginalHitTemplateId:928390873;","300","604800","Sat Nov 16 12:28:14 PST 2019","","","3SEPORI8WRBKQCYV4FL3N4A1ABKZAV","A3BP890CXV4UMN","Submitted","Thu Oct 17 13:35:15 PDT 2019","Thu Oct 17 13:35:30 PDT 2019","Thu Oct 24 13:35:30 PDT 2019","","","","15","0% (0/0)","0% (0/0)","0% (0/0)","all_views_192.png","Good chair"
"3NKW03WTMPJ6WD2DSMTGPGZYF15WQS","3SGAN4GQ98WBMVBHQXPZCGZTTF3DXG","Choose if a chair looks like a real chair or not","Categorize the given content to see if it is likely to be an acceptable model of a chair","categorize, image","$0.00","Thu Oct 17 13:28:14 PDT 2019","1","BatchId:3804975;OriginalHitTemplateId:928390873;","300","604800","Sat Nov 16 12:28:14 PST 2019","","","3NJM2BJS40IE5NTN1KJS21YB0F5PC9","AHHQH4XLFWTMG","Submitted","Thu Oct 17 13:46:44 PDT 2019","Thu Oct 17 13:46:47 PDT 2019","Thu Oct 24 13:46:47 PDT 2019","","","","3","0% (0/0)","0% (0/0)","0% (0/0)","all_views_193.png","Good chair"
"3FULMHZ7PX932WL1QNGGDFW2L7A4MS","3SGAN4GQ98WBMVBHQXPZCGZTTF3DXG","Choose if a chair looks like a real chair or not","Categorize the given content to see if it is likely to be an acceptable model of a chair","categorize, image","$0.00","Thu Oct 17 13:28:14 PDT 2019","1","BatchId:3804975;OriginalHitTemplateId:928390873;","300","604800","Sat Nov 16 12:28:14 PST 2019","","","3UN61F00H01EIF0NZ209TQSG9GG5RI","A3UDNIK63I8VH1","Submitted","Thu Oct 17 13:59:02 PDT 2019","Thu Oct 17 13:59:21 PDT 2019","Thu Oct 24 13:59:21 PDT 2019","","","","19","0% (0/0)","0% (0/0)","0% (0/0)","all_views_194.png","Inconclusive but likely bad"
"3EQPA8A3878T4L358JTERJHUI8HZJU","3SGAN4GQ98WBMVBHQXPZCGZTTF3DXG","Choose if a chair looks like a real chair or not","Categorize the given content to see if it is likely to be an acceptable model of a chair","categorize, image","$0.00","Thu Oct 17 13:28:14 PDT 2019","1","BatchId:3804975;OriginalHitTemplateId:928390873;","300","604800","Sat Nov 16 12:28:14 PST 2019","","","3MHW492WW4P4JT2A0LM5BPS5GHZMVY","A1GKD3NG1NNHRP","Submitted","Thu Oct 17 13:29:10 PDT 2019","Thu Oct 17 13:29:43 PDT 2019","Thu Oct 24 13:29:43 PDT 2019","","","","33","0% (0/0)","0% (0/0)","0% (0/0)","all_views_195.png","Good chair"