,Input.image_url,Answer.category.label
0,all_views_2160.png,1
1,all_views_2163.png,0
2,all_views_123.png,0
3,all_views_2164.png,0
4,all_views_1231.png,0
5,all_views_1232.png,1
6,all_views_2167.png,0
7,all_views_1233.png,1
8,all_views_1235.png,0
9,all_views_1236.png,1
10,all_views_1237.png,0
11,all_views_2171.png,0
12,all_views_124.png,1
13,all_views_2172.png,1
14,all_views_1463.png,1
15,all_views_1240.png,1
16,all_views_1.png,0
17,all_views_1241.png,1
18,all_views_2173.png,1
19,all_views_1465.png,1
20,all_views_1929.png,0
21,all_views_1692.png,1
22,all_views_1242.png,0
23,all_views_1000.png,0
24,all_views_193.png,0
25,all_views_1243.png,0
26,all_views_2177.png,1
27,all_views_1931.png,0
28,all_views_1001.png,1
29,all_views_1693.png,1
30,all_views_1244.png,1
31,all_views_1932.png,1
32,all_views_2179.png,1
33,all_views_1933.png,0
34,all_views_147.png,0
35,all_views_1004.png,1
36,all_views_1697.png,1
37,all_views_1471.png,0
38,all_views_1005.png,1
39,all_views_2181.png,1
40,all_views_1699.png,0
41,all_views_1936.png,1
42,all_views_17.png,1
43,all_views_2183.png,0
44,all_views_1937.png,1
45,all_views_1008.png,1
46,all_views_1700.png,1
47,all_views_1938.png,0
48,all_views_2184.png,1
49,all_views_125.png,0
50,all_views_1473.png,1
51,all_views_1009.png,0
52,all_views_1701.png,0
53,all_views_1250.png,0
54,all_views_1474.png,0
55,all_views_101.png,1
56,all_views_1941.png,1
57,all_views_1251.png,0
58,all_views_2188.png,1
59,all_views_1704.png,1
60,all_views_1943.png,0
61,all_views_1705.png,1
62,all_views_1012.png,1
63,all_views_1477.png,1
64,all_views_1252.png,1
65,all_views_1944.png,1
66,all_views_1479.png,0
67,all_views_1013.png,0
68,all_views_219.png,0
69,all_views_1945.png,1
70,all_views_2191.png,1
71,all_views_1255.png,1
72,all_views_148.png,1
73,all_views_1016.png,1
74,all_views_1480.png,1
75,all_views_2192.png,1
76,all_views_171.png,0
77,all_views_1948.png,1
78,all_views_1256.png,1
79,all_views_1481.png,1
80,all_views_2193.png,1
81,all_views_1949.png,0
82,all_views_1257.png,0
83,all_views_102.png,0
84,all_views_195.png,0
85,all_views_1020.png,0
86,all_views_1951.png,1
87,all_views_1484.png,1
88,all_views_2196.png,1
89,all_views_1260.png,1
90,all_views_1021.png,1
91,all_views_1711.png,0
92,all_views_1485.png,1
93,all_views_1023.png,0
94,all_views_1487.png,0
95,all_views_2198.png,0
96,all_views_1024.png,1
97,all_views_1263.png,0
98,all_views_1488.png,1
99,all_views_1952.png,1
100,all_views_1489.png,1
101,all_views_220.png,1
102,all_views_1953.png,0
103,all_views_1265.png,0
104,all_views_1713.png,1
105,all_views_1028.png,1
106,all_views_149.png,0
107,all_views_2200.png,1
108,all_views_1954.png,0
109,all_views_2201.png,1
110,all_views_1268.png,1
111,all_views_1492.png,1
112,all_views_1955.png,0
113,all_views_1715.png,0
114,all_views_1269.png,1
115,all_views_1956.png,1
116,all_views_1493.png,0
117,all_views_1031.png,0
118,all_views_1270.png,0
119,all_views_1032.png,1
120,all_views_1494.png,0
121,all_views_1717.png,0
122,all_views_2203.png,0
123,all_views_1033.png,1
124,all_views_1718.png,0
125,all_views_1271.png,0
126,all_views_1495.png,0
127,all_views_1957.png,1
128,all_views_1719.png,0
129,all_views_1272.png,1
130,all_views_2204.png,1
131,all_views_1496.png,1
132,all_views_1035.png,1
133,all_views_1273.png,0
134,all_views_172.png,0
135,all_views_1959.png,0
136,all_views_2205.png,1
137,all_views_196.png,1
138,all_views_1036.png,1
139,all_views_1275.png,0
140,all_views_1721.png,0
141,all_views_1960.png,1
142,all_views_1037.png,1
143,all_views_2207.png,0
144,all_views_1276.png,1
145,all_views_15.png,0
146,all_views_1961.png,1
147,all_views_1039.png,0
148,all_views_1500.png,1
149,all_views_1963.png,0
150,all_views_1279.png,0
151,all_views_1501.png,0
152,all_views_1964.png,1
153,all_views_1040.png,1
154,all_views_2209.png,1
155,all_views_1503.png,0
156,all_views_1965.png,0
157,all_views_1723.png,0
158,all_views_1280.png,1
159,all_views_221.png,1
160,all_views_1967.png,0
161,all_views_1281.png,0
162,all_views_1043.png,0
163,all_views_1504.png,1
164,all_views_1044.png,1
165,all_views_2211.png,0
166,all_views_1505.png,1
167,all_views_1725.png,0
168,all_views_1968.png,1
169,all_views_2212.png,1
170,all_views_1045.png,1
171,all_views_1969.png,0
172,all_views_2213.png,0
173,all_views_1284.png,1
174,all_views_1046.png,0
175,all_views_1506.png,1
176,all_views_1727.png,0
177,all_views_197.png,1
178,all_views_2215.png,0
179,all_views_1285.png,1
180,all_views_1507.png,0
181,all_views_1971.png,0
182,all_views_1048.png,1
183,all_views_1287.png,1
184,all_views_173.png,1
185,all_views_2216.png,1
186,all_views_1972.png,1
187,all_views_1508.png,1
188,all_views_1049.png,1
189,all_views_1731.png,0
190,all_views_2217.png,0
191,all_views_1973.png,1
192,all_views_105.png,1
193,all_views_1732.png,0
194,all_views_1509.png,0
195,all_views_1975.png,0
196,all_views_2219.png,0
197,all_views_1051.png,0
198,all_views_1733.png,1
199,all_views_151.png,0
200,all_views_1735.png,1
201,all_views_1052.png,1
202,all_views_129.png,1
203,all_views_1511.png,0
204,all_views_2221.png,1
205,all_views_1736.png,1
206,all_views_1291.png,0
207,all_views_1512.png,1
208,all_views_2222.png,0
209,all_views_1513.png,0
210,all_views_1053.png,1
211,all_views_1977.png,1
212,all_views_2223.png,0
213,all_views_1739.png,0
214,all_views_1978.png,0
215,all_views_1515.png,0
216,all_views_2224.png,1
217,all_views_1055.png,1
218,all_views_1979.png,0
219,all_views_1516.png,1
220,all_views_2225.png,1
221,all_views_1295.png,0
222,all_views_1056.png,1
223,all_views_1980.png,1
224,all_views_1741.png,0
225,all_views_1296.png,1
226,all_views_1057.png,1
227,all_views_1981.png,0
228,all_views_1519.png,1
229,all_views_1743.png,1
230,all_views_1058.png,0
231,all_views_1297.png,1
232,all_views_2229.png,1
233,all_views_1744.png,1
234,all_views_152.png,1
235,all_views_1984.png,1
236,all_views_1520.png,1
237,all_views_1747.png,1
238,all_views_1061.png,0
239,all_views_223.png,0
240,all_views_1748.png,1
241,all_views_1063.png,0
242,all_views_1521.png,1
243,all_views_2231.png,0
244,all_views_1987.png,0
245,all_views_13.png,1
246,all_views_1064.png,0
247,all_views_1523.png,0
248,all_views_1988.png,1
249,all_views_2233.png,0
250,all_views_1301.png,1
251,all_views_1524.png,1
252,all_views_1067.png,0
253,all_views_2235.png,0
254,all_views_1525.png,1
255,all_views_1302.png,0
256,all_views_199.png,0
257,all_views_1527.png,0
258,all_views_1069.png,1
259,all_views_1991.png,0
260,all_views_1303.png,0
261,all_views_2237.png,1
262,all_views_107.png,0
263,all_views_1992.png,1
264,all_views_2239.png,0
265,all_views_1993.png,0
266,all_views_1071.png,0
267,all_views_1529.png,0
268,all_views_1751.png,0
269,all_views_224.png,1
270,all_views_1995.png,0
271,all_views_153.png,0
272,all_views_1307.png,0
273,all_views_1752.png,1
274,all_views_2240.png,1
275,all_views_1997.png,1
276,all_views_1308.png,1
277,all_views_1753.png,0
278,all_views_2241.png,1
279,all_views_1309.png,1
280,all_views_1075.png,1
281,all_views_1999.png,1
282,all_views_1532.png,1
283,all_views_2243.png,0
284,all_views_1076.png,1
285,all_views_1755.png,1
286,all_views_1533.png,0
287,all_views_131.png,0
288,all_views_2244.png,0
289,all_views_1756.png,0
290,all_views_1535.png,0
291,all_views_1077.png,0
292,all_views_2000.png,1
293,all_views_1536.png,1
294,all_views_1079.png,0
295,all_views_1757.png,0
296,all_views_2001.png,1
297,all_views_1080.png,1
298,all_views_1313.png,0
299,all_views_2003.png,0
300,all_views_1081.png,1
301,all_views_176.png,1
302,all_views_1315.png,0
303,all_views_1760.png,1
304,all_views_1539.png,1
305,all_views_2247.png,1
306,all_views_1084.png,0
307,all_views_1761.png,1
308,all_views_1540.png,1
309,all_views_2248.png,1
310,all_views_1541.png,1
311,all_views_1085.png,1
312,all_views_1316.png,1
313,all_views_1087.png,0
314,all_views_2007.png,0
315,all_views_225.png,0
316,all_views_1544.png,0
317,all_views_2008.png,1
318,all_views_1764.png,1
319,all_views_2251.png,0
320,all_views_2009.png,1
321,all_views_1089.png,0
322,all_views_1765.png,0
323,all_views_1546.png,0
324,all_views_201.png,1
325,all_views_2252.png,1
326,all_views_132.png,1
327,all_views_1767.png,0
328,all_views_1548.png,0
329,all_views_1769.png,0
330,all_views_1320.png,1
331,all_views_1549.png,0
332,all_views_2012.png,1
333,all_views_1092.png,0
334,all_views_155.png,0
335,all_views_2255.png,1
336,all_views_1321.png,1
337,all_views_2013.png,1
338,all_views_1322.png,0
339,all_views_1771.png,0
340,all_views_2015.png,1
341,all_views_1095.png,0
342,all_views_1772.png,1
343,all_views_1324.png,1
344,all_views_2257.png,1
345,all_views_1555.png,0
346,all_views_1096.png,1
347,all_views_1097.png,1
348,all_views_2019.png,0
349,all_views_2259.png,0
350,all_views_1327.png,0
351,all_views_1556.png,1
352,all_views_1775.png,0
353,all_views_2260.png,1
354,all_views_2020.png,1
355,all_views_1099.png,1
356,all_views_1328.png,1
357,all_views_1557.png,0
358,all_views_1776.png,0
359,all_views_1329.png,1
360,all_views_2021.png,0
361,all_views_1559.png,1
362,all_views_1100.png,1
363,all_views_156.png,1
364,all_views_133.png,1
365,all_views_2022.png,0
366,all_views_1777.png,0
367,all_views_2264.png,1
368,all_views_1560.png,1
369,all_views_1331.png,1
370,all_views_1779.png,0
371,all_views_2023.png,1
372,all_views_1103.png,0
373,all_views_2265.png,1
374,all_views_1332.png,1
375,all_views_1561.png,1
376,all_views_1780.png,1
377,all_views_1563.png,0
378,all_views_2024.png,1
379,all_views_1781.png,1
380,all_views_1333.png,0
381,all_views_1105.png,1
382,all_views_1783.png,0
383,all_views_1564.png,0
384,all_views_1335.png,0
385,all_views_1107.png,0
386,all_views_2025.png,1
387,all_views_2268.png,1
388,all_views_1565.png,0
389,all_views_1336.png,1
390,all_views_1784.png,1
391,all_views_2027.png,0
392,all_views_1108.png,1
393,all_views_1337.png,0
394,all_views_2269.png,0
395,all_views_1109.png,1
396,all_views_1339.png,1
397,all_views_227.png,0
398,all_views_1785.png,0
399,all_views_111.png,0
400,all_views_2271.png,0
401,all_views_1787.png,0
402,all_views_1340.png,1
403,all_views_1788.png,1
404,all_views_2272.png,0
405,all_views_1789.png,0
406,all_views_157.png,0
407,all_views_179.png,0
408,all_views_1341.png,1
409,all_views_2275.png,0
410,all_views_1791.png,0
411,all_views_1572.png,1
412,all_views_1113.png,1
413,all_views_1343.png,0
414,all_views_1573.png,1
415,all_views_2276.png,1
416,all_views_2028.png,0
417,all_views_1114.png,0
418,all_views_1115.png,1
419,all_views_2029.png,1
420,all_views_1795.png,0
421,all_views_2279.png,0
422,all_views_1796.png,1
423,all_views_1347.png,0
424,all_views_203.png,0
425,all_views_1117.png,0
426,all_views_228.png,1
427,all_views_1576.png,1
428,all_views_1797.png,1
429,all_views_1348.png,1
430,all_views_1119.png,0
431,all_views_2280.png,1
432,all_views_1799.png,0
433,all_views_1349.png,1
434,all_views_2032.png,1
435,all_views_2281.png,1
436,all_views_180.png,1
437,all_views_1577.png,0
438,all_views_112.png,1
439,all_views_2283.png,0
440,all_views_135.png,0
441,all_views_1579.png,0
442,all_views_2035.png,0
443,all_views_1800.png,0
444,all_views_1350.png,0
445,all_views_1120.png,1
446,all_views_2036.png,1
447,all_views_1580.png,1
448,all_views_1801.png,0
449,all_views_2285.png,1
450,all_views_1581.png,1
451,all_views_2037.png,1
452,all_views_1803.png,0
453,all_views_1351.png,0
454,all_views_1582.png,0
455,all_views_2288.png,1
456,all_views_1804.png,1
457,all_views_1352.png,1
458,all_views_2039.png,0
459,all_views_1583.png,1
460,all_views_1124.png,1
461,all_views_204.png,1
462,all_views_1353.png,1
463,all_views_1584.png,1
464,all_views_229.png,1
465,all_views_2040.png,1
466,all_views_2291.png,0
467,all_views_1585.png,1
468,all_views_1127.png,0
469,all_views_1807.png,0
470,all_views_1128.png,1
471,all_views_1355.png,1
472,all_views_1808.png,1
473,all_views_2293.png,1
474,all_views_2043.png,0
475,all_views_2295.png,0
476,all_views_1809.png,1
477,all_views_1356.png,1
478,all_views_1588.png,1
479,all_views_1589.png,0
480,all_views_181.png,0
481,all_views_1357.png,0
482,all_views_2045.png,1
483,all_views_2047.png,0
484,all_views_159.png,0
485,all_views_2298.png,0
486,all_views_2299.png,1
487,all_views_2049.png,1
488,all_views_23.png,0
489,all_views_1813.png,0
490,all_views_205.png,1
491,all_views_1131.png,0
492,all_views_1361.png,0
493,all_views_2300.png,1
494,all_views_1815.png,0
495,all_views_2051.png,0
496,all_views_1132.png,0
497,all_views_1816.png,1
498,all_views_1817.png,0
499,all_views_2052.png,1
500,all_views_2303.png,0
501,all_views_1596.png,1
502,all_views_1135.png,0
503,all_views_1820.png,1
504,all_views_2304.png,1
505,all_views_1597.png,1
506,all_views_1136.png,0
507,all_views_2053.png,1
508,all_views_1821.png,1
509,all_views_2055.png,0
510,all_views_1599.png,0
511,all_views_1362.png,0
512,all_views_16.png,1
513,all_views_2056.png,1
514,all_views_1824.png,1
515,all_views_2307.png,0
516,all_views_1363.png,0
517,all_views_1825.png,1
518,all_views_2308.png,1
519,all_views_2059.png,0
520,all_views_1827.png,0
521,all_views_1600.png,0
522,all_views_2060.png,1
523,all_views_2309.png,0
524,all_views_1828.png,1
525,all_views_2061.png,1
526,all_views_231.png,0
527,all_views_1829.png,1
528,all_views_183.png,0
529,all_views_1143.png,0
530,all_views_2311.png,0
531,all_views_1603.png,1
532,all_views_1367.png,0
533,all_views_1831.png,0
534,all_views_1368.png,1
535,all_views_1604.png,1
536,all_views_2062.png,0
537,all_views_2312.png,1
538,all_views_1605.png,1
539,all_views_1145.png,0
540,all_views_1832.png,1
541,all_views_1607.png,1
542,all_views_1833.png,0
543,all_views_137.png,1
544,all_views_1147.png,0
545,all_views_1608.png,1
546,all_views_1835.png,0
547,all_views_2313.png,1
548,all_views_1371.png,0
549,all_views_1148.png,1
550,all_views_1836.png,1
551,all_views_2315.png,1
552,all_views_1372.png,1
553,all_views_1837.png,1
554,all_views_1373.png,1
555,all_views_161.png,1
556,all_views_1375.png,0
557,all_views_115.png,0
558,all_views_2316.png,1
559,all_views_1839.png,0
560,all_views_1611.png,1
561,all_views_1376.png,1
562,all_views_2317.png,1
563,all_views_1612.png,1
564,all_views_2319.png,0
565,all_views_1840.png,1
566,all_views_2064.png,1
567,all_views_1613.png,0
568,all_views_1152.png,1
569,all_views_2065.png,1
570,all_views_232.png,1
571,all_views_1615.png,0
572,all_views_1380.png,1
573,all_views_2320.png,1
574,all_views_1616.png,1
575,all_views_1153.png,1
576,all_views_2321.png,1
577,all_views_1844.png,0
578,all_views_1617.png,1
579,all_views_2322.png,0
580,all_views_1155.png,1
581,all_views_1845.png,1
582,all_views_2323.png,0
583,all_views_2068.png,1
584,all_views_1381.png,1
585,all_views_2324.png,1
586,all_views_2069.png,1
587,all_views_1621.png,1
588,all_views_1383.png,1
589,all_views_1157.png,1
590,all_views_207.png,0
591,all_views_1384.png,1
592,all_views_1849.png,1
593,all_views_2327.png,0
594,all_views_185.png,1
595,all_views_1623.png,1
596,all_views_2071.png,0
597,all_views_2328.png,1
598,all_views_1159.png,0
599,all_views_1851.png,0
600,all_views_1852.png,1
601,all_views_116.png,0
602,all_views_1853.png,0
603,all_views_1625.png,1
604,all_views_2331.png,0
605,all_views_1160.png,1
606,all_views_1855.png,0
607,all_views_1388.png,1
608,all_views_2075.png,0
609,all_views_1161.png,1
610,all_views_1389.png,1
611,all_views_1163.png,0
612,all_views_1628.png,1
613,all_views_139.png,0
614,all_views_1857.png,1
615,all_views_1164.png,0
616,all_views_2078.png,0
617,all_views_1391.png,0
618,all_views_2332.png,1
619,all_views_163.png,0
620,all_views_1165.png,1
621,all_views_2079.png,0
622,all_views_2333.png,0
623,all_views_1167.png,0
624,all_views_208.png,1
625,all_views_2335.png,0
626,all_views_1393.png,0
627,all_views_1631.png,0
628,all_views_1168.png,1
629,all_views_2080.png,1
630,all_views_1395.png,0
631,all_views_1632.png,1
632,all_views_1864.png,1
633,all_views_2081.png,0
634,all_views_1396.png,1
635,all_views_2337.png,1
636,all_views_2083.png,1
637,all_views_1633.png,0
638,all_views_2339.png,0
639,all_views_1397.png,1
640,all_views_2084.png,1
641,all_views_2340.png,1
642,all_views_1867.png,1
643,all_views_1868.png,1
644,all_views_2341.png,1
645,all_views_117.png,0
646,all_views_1635.png,0
647,all_views_1869.png,0
648,all_views_2343.png,1
649,all_views_1171.png,0
650,all_views_2087.png,0
651,all_views_187.png,0
652,all_views_1636.png,1
653,all_views_1871.png,0
654,all_views_1401.png,1
655,all_views_2344.png,1
656,all_views_2088.png,1
657,all_views_1173.png,0
658,all_views_1403.png,0
659,all_views_1637.png,1
660,all_views_2089.png,1
661,all_views_1175.png,0
662,all_views_1404.png,1
663,all_views_1639.png,0
664,all_views_209.png,1
665,all_views_2347.png,0
666,all_views_164.png,0
667,all_views_2348.png,0
668,all_views_2091.png,0
669,all_views_1873.png,1
670,all_views_1640.png,1
671,all_views_1177.png,1
672,all_views_1407.png,0
673,all_views_2349.png,1
674,all_views_1179.png,0
675,all_views_1876.png,1
676,all_views_1408.png,1
677,all_views_2095.png,0
678,all_views_235.png,1
679,all_views_118.png,0
680,all_views_1641.png,1
681,all_views_1409.png,0
682,all_views_141.png,1
683,all_views_1879.png,0
684,all_views_2352.png,1
685,all_views_1411.png,0
686,all_views_188.png,1
687,all_views_2353.png,1
688,all_views_2097.png,1
689,all_views_1412.png,1
690,all_views_1183.png,0
691,all_views_2099.png,1
692,all_views_1413.png,1
693,all_views_1880.png,1
694,all_views_2355.png,0
695,all_views_1415.png,0
696,all_views_1185.png,0
697,all_views_1881.png,1
698,all_views_2100.png,1
699,all_views_1416.png,1
700,all_views_1187.png,0
701,all_views_2101.png,1
702,all_views_2357.png,1
703,all_views_1417.png,1
704,all_views_1884.png,1
705,all_views_1188.png,1
706,all_views_2359.png,0
707,all_views_2103.png,0
708,all_views_1419.png,0
709,all_views_1648.png,0
710,all_views_2104.png,1
711,all_views_1189.png,1
712,all_views_1886.png,0
713,all_views_1420.png,1
714,all_views_1649.png,0
715,all_views_2105.png,1
716,all_views_1421.png,0
717,all_views_1887.png,0
718,all_views_1191.png,0
719,all_views_2107.png,0
720,all_views_2360.png,1
721,all_views_1423.png,1
722,all_views_1192.png,1
723,all_views_1651.png,0
724,all_views_1424.png,1
725,all_views_1652.png,1
726,all_views_1193.png,1
727,all_views_2361.png,0
728,all_views_1425.png,1
729,all_views_1195.png,0
730,all_views_1653.png,1
731,all_views_2363.png,0
732,all_views_1427.png,0
733,all_views_1655.png,0
734,all_views_2364.png,1
735,all_views_189.png,1
736,all_views_1428.png,1
737,all_views_1656.png,1
738,all_views_211.png,0
739,all_views_1196.png,0
740,all_views_2365.png,0
741,all_views_1657.png,1
742,all_views_2111.png,0
743,all_views_2367.png,0
744,all_views_1659.png,0
745,all_views_1892.png,0
746,all_views_2112.png,1
747,all_views_1199.png,1
748,all_views_1660.png,1
749,all_views_143.png,0
750,all_views_12.png,1
751,all_views_120.png,0
752,all_views_2116.png,0
753,all_views_1896.png,1
754,all_views_2371.png,0
755,all_views_1897.png,1
756,all_views_1430.png,0
757,all_views_2372.png,1
758,all_views_2119.png,0
759,all_views_1665.png,1
760,all_views_1431.png,1
761,all_views_19.png,0
762,all_views_212.png,1
763,all_views_1432.png,1
764,all_views_1667.png,0
765,all_views_1204.png,1
766,all_views_190.png,0
767,all_views_2121.png,0
768,all_views_1205.png,0
769,all_views_1668.png,1
770,all_views_2376.png,0
771,all_views_2123.png,0
772,all_views_1207.png,0
773,all_views_1901.png,1
774,all_views_2124.png,1
775,all_views_2379.png,1
776,all_views_167.png,0
777,all_views_1433.png,1
778,all_views_1208.png,1
779,all_views_1903.png,0
780,all_views_1435.png,0
781,all_views_1670.png,0
782,all_views_2381.png,1
783,all_views_2127.png,0
784,all_views_121.png,0
785,all_views_1671.png,1
786,all_views_2383.png,0
787,all_views_2128.png,1
788,all_views_1211.png,0
789,all_views_2129.png,1
790,all_views_1672.png,0
791,all_views_2384.png,1
792,all_views_1673.png,1
793,all_views_1437.png,0
794,all_views_1212.png,1
795,all_views_1908.png,1
796,all_views_2385.png,1
797,all_views_2131.png,1
798,all_views_1213.png,1
799,all_views_1439.png,0
800,all_views_2132.png,1
801,all_views_2387.png,0
802,all_views_191.png,0
803,all_views_1215.png,0
804,all_views_1675.png,1
805,all_views_1911.png,0
806,all_views_2133.png,1
807,all_views_1676.png,0
808,all_views_1216.png,1
809,all_views_2135.png,0
810,all_views_1912.png,1
811,all_views_1440.png,1
812,all_views_1677.png,0
813,all_views_2136.png,1
814,all_views_1913.png,1
815,all_views_239.png,0
816,all_views_1679.png,0
817,all_views_2391.png,1
818,all_views_2137.png,0
819,all_views_168.png,0
820,all_views_1916.png,0
821,all_views_1220.png,1
822,all_views_2392.png,0
823,all_views_1443.png,0
824,all_views_2138.png,0
825,all_views_1680.png,1
826,all_views_1917.png,1
827,all_views_2139.png,0
828,all_views_1221.png,1
829,all_views_2140.png,1
830,all_views_1683.png,0
831,all_views_1445.png,1
832,all_views_2395.png,0
833,all_views_192.png,1
834,all_views_2141.png,1
835,all_views_1447.png,0
836,all_views_1684.png,1
837,all_views_2396.png,0
838,all_views_1448.png,1
839,all_views_2143.png,1
840,all_views_1225.png,0
841,all_views_1921.png,1
842,all_views_1449.png,1
843,all_views_2144.png,1
844,all_views_1923.png,1
845,all_views_1687.png,1
846,all_views_1227.png,0
847,all_views_1688.png,1
848,all_views_1924.png,0
849,all_views_2147.png,0
850,all_views_1689.png,1
851,all_views_2148.png,1
852,all_views_1925.png,1
853,all_views_1453.png,0
854,all_views_1927.png,0
855,all_views_169.png,1
856,all_views_1455.png,0
857,all_views_1691.png,0
858,all_views_215.png,1
859,all_views_1457.png,1
860,all_views_2151.png,0
861,all_views_1459.png,0
862,all_views_2155.png,1
863,all_views_2863.png,0
864,all_views_2629.png,0
865,all_views_2397.png,1
866,all_views_2399.png,0
867,all_views_2157.png,0
868,all_views_3095.png,0
869,all_views_24.png,0
870,all_views_3329.png,0
871,all_views_2159.png,0
872,all_views_2631.png,0
873,all_views_240.png,1
874,all_views_216.png,1
875,all_views_2867.png,0
876,all_views_333.png,0
877,all_views_3097.png,1
878,all_views_2400.png,1
879,all_views_2632.png,1
880,all_views_3099.png,1
881,all_views_3331.png,0
882,all_views_2633.png,1
883,all_views_2401.png,1
884,all_views_2635.png,0
885,all_views_31.png,1
886,all_views_3332.png,1
887,all_views_2636.png,0
888,all_views_2871.png,0
889,all_views_2404.png,1
890,all_views_3101.png,1
891,all_views_2637.png,1
892,all_views_2872.png,1
893,all_views_2638.png,0
894,all_views_3335.png,0
895,all_views_2873.png,0
896,all_views_3103.png,1
897,all_views_2407.png,0
898,all_views_2639.png,1
899,all_views_3336.png,1
900,all_views_2875.png,0
901,all_views_3563.png,0
902,all_views_3337.png,1
903,all_views_264.png,1
904,all_views_2876.png,1
905,all_views_3104.png,0
906,all_views_2408.png,1
907,all_views_3339.png,0
908,all_views_3564.png,0
909,all_views_334.png,0
910,all_views_2640.png,1
911,all_views_2409.png,1
912,all_views_2641.png,1
913,all_views_241.png,0
914,all_views_3107.png,0
915,all_views_2879.png,1
916,all_views_2643.png,0
917,all_views_3567.png,0
918,all_views_288.png,1
919,all_views_3568.png,1
920,all_views_3341.png,1
921,all_views_3109.png,1
922,all_views_2413.png,1
923,all_views_3343.png,0
924,all_views_2415.png,1
925,all_views_357.png,1
926,all_views_311.png,0
927,all_views_2880.png,1
928,all_views_3344.png,1
929,all_views_3571.png,0
930,all_views_3111.png,0
931,all_views_3572.png,1
932,all_views_2416.png,1
933,all_views_2883.png,0
934,all_views_3347.png,0
935,all_views_3112.png,1
936,all_views_2648.png,0
937,all_views_3573.png,0
938,all_views_3348.png,1
939,all_views_2884.png,0
940,all_views_3575.png,0
941,all_views_3115.png,0
942,all_views_2649.png,0
943,all_views_2419.png,0
944,all_views_2885.png,1
945,all_views_242.png,0
946,all_views_335.png,1
947,all_views_3117.png,1
948,all_views_2651.png,1
949,all_views_2886.png,0
950,all_views_3350.png,0
951,all_views_3119.png,1
952,all_views_2652.png,1
953,all_views_2887.png,0
954,all_views_312.png,1
955,all_views_2421.png,1
956,all_views_3577.png,1
957,all_views_2888.png,1
958,all_views_2423.png,0
959,all_views_3579.png,1
960,all_views_3120.png,0
961,all_views_3353.png,1
962,all_views_3121.png,1
963,all_views_2424.png,1
964,all_views_3355.png,0
965,all_views_3580.png,1
966,all_views_2425.png,0
967,all_views_3356.png,1
968,all_views_3581.png,1
969,all_views_2427.png,0
970,all_views_2891.png,0
971,all_views_3357.png,1
972,all_views_3124.png,1
973,all_views_2428.png,1
974,all_views_3359.png,0
975,all_views_3125.png,1
976,all_views_2429.png,1
977,all_views_3583.png,0
978,all_views_336.png,0
979,all_views_3127.png,0
980,all_views_243.png,1
981,all_views_2893.png,1
982,all_views_3360.png,1
983,all_views_3584.png,1
984,all_views_3128.png,0
985,all_views_3361.png,1
986,all_views_2895.png,0
987,all_views_2431.png,0
988,all_views_3585.png,1
989,all_views_2896.png,0
990,all_views_3364.png,1
991,all_views_3129.png,1
992,all_views_3587.png,1
993,all_views_2432.png,1
994,all_views_2897.png,1
995,all_views_313.png,1
996,all_views_3365.png,1
997,all_views_2655.png,0
998,all_views_2899.png,0
999,all_views_2433.png,1
1000,all_views_3588.png,1
1001,all_views_3367.png,0
1002,all_views_3131.png,0
1003,all_views_2435.png,1
1004,all_views_3589.png,0
1005,all_views_2659.png,0
1006,all_views_3132.png,1
1007,all_views_2660.png,1
1008,all_views_2436.png,1
1009,all_views_2900.png,1
1010,all_views_3369.png,1
1011,all_views_3133.png,1
1012,all_views_359.png,1
1013,all_views_2437.png,1
1014,all_views_3135.png,1
1015,all_views_2903.png,0
1016,all_views_3371.png,1
1017,all_views_2439.png,0
1018,all_views_2904.png,1
1019,all_views_3592.png,1
1020,all_views_2440.png,1
1021,all_views_3593.png,1
1022,all_views_2665.png,1
1023,all_views_3137.png,1
1024,all_views_2443.png,1
1025,all_views_3596.png,1
1026,all_views_3139.png,0
1027,all_views_2908.png,1
1028,all_views_2668.png,1
1029,all_views_3373.png,1
1030,all_views_314.png,0
1031,all_views_2669.png,1
1032,all_views_3597.png,1
1033,all_views_2444.png,1
1034,all_views_3375.png,0
1035,all_views_3599.png,0
1036,all_views_2445.png,1
1037,all_views_3140.png,0
1038,all_views_291.png,0
1039,all_views_267.png,1
1040,all_views_3376.png,1
1041,all_views_2911.png,0
1042,all_views_36.png,1
1043,all_views_2671.png,0
1044,all_views_3141.png,0
1045,all_views_2446.png,0
1046,all_views_2912.png,1
1047,all_views_2672.png,1
1048,all_views_360.png,1
1049,all_views_2447.png,0
1050,all_views_3379.png,0
1051,all_views_2673.png,1
1052,all_views_3600.png,1
1053,all_views_2913.png,1
1054,all_views_3144.png,0
1055,all_views_2915.png,0
1056,all_views_3145.png,0
1057,all_views_2916.png,0
1058,all_views_3147.png,0
1059,all_views_3380.png,1
1060,all_views_2917.png,1
1061,all_views_3603.png,1
1062,all_views_3148.png,1
1063,all_views_245.png,1
1064,all_views_3149.png,0
1065,all_views_2919.png,1
1066,all_views_315.png,0
1067,all_views_2450.png,0
1068,all_views_292.png,1
1069,all_views_3383.png,0
1070,all_views_3605.png,0
1071,all_views_2920.png,1
1072,all_views_3384.png,1
1073,all_views_2451.png,0
1074,all_views_3606.png,0
1075,all_views_2921.png,1
1076,all_views_2675.png,0
1077,all_views_3153.png,1
1078,all_views_2453.png,1
1079,all_views_3385.png,0
1080,all_views_2676.png,1
1081,all_views_3155.png,0
1082,all_views_2923.png,0
1083,all_views_3607.png,1
1084,all_views_2455.png,0
1085,all_views_2677.png,1
1086,all_views_3387.png,1
1087,all_views_2924.png,1
1088,all_views_3608.png,1
1089,all_views_3156.png,1
1090,all_views_2925.png,0
1091,all_views_2679.png,0
1092,all_views_268.png,1
1093,all_views_2926.png,0
1094,all_views_3157.png,0
1095,all_views_3389.png,1
1096,all_views_2457.png,1
1097,all_views_2927.png,1
1098,all_views_2680.png,1
1099,all_views_3159.png,0
1100,all_views_2459.png,0
1101,all_views_2928.png,0
1102,all_views_2681.png,1
1103,all_views_339.png,0
1104,all_views_2929.png,1
1105,all_views_2683.png,1
1106,all_views_3161.png,1
1107,all_views_3391.png,0
1108,all_views_2684.png,0
1109,all_views_2461.png,1
1110,all_views_3392.png,1
1111,all_views_3609.png,1
1112,all_views_2685.png,1
1113,all_views_2931.png,1
1114,all_views_2687.png,0
1115,all_views_361.png,0
1116,all_views_2932.png,0
1117,all_views_2465.png,1
1118,all_views_3167.png,0
1119,all_views_2688.png,1
1120,all_views_3611.png,1
1121,all_views_2935.png,0
1122,all_views_3169.png,1
1123,all_views_3612.png,1
1124,all_views_2467.png,0
1125,all_views_2936.png,1
1126,all_views_3613.png,0
1127,all_views_2690.png,0
1128,all_views_2937.png,0
1129,all_views_3615.png,0
1130,all_views_2468.png,1
1131,all_views_2939.png,0
1132,all_views_3397.png,1
1133,all_views_3171.png,1
1134,all_views_3616.png,1
1135,all_views_2469.png,1
1136,all_views_2692.png,1
1137,all_views_2940.png,1
1138,all_views_3172.png,1
1139,all_views_3617.png,0
1140,all_views_2693.png,1
1141,all_views_3173.png,1
1142,all_views_3619.png,0
1143,all_views_3399.png,0
1144,all_views_2943.png,0
1145,all_views_2695.png,0
1146,all_views_3620.png,1
1147,all_views_2471.png,0
1148,all_views_3175.png,0
1149,all_views_2944.png,1
1150,all_views_2696.png,1
1151,all_views_2472.png,1
1152,all_views_3621.png,1
1153,all_views_2945.png,0
1154,all_views_34.png,0
1155,all_views_2697.png,1
1156,all_views_3177.png,1
1157,all_views_2473.png,1
1158,all_views_2947.png,1
1159,all_views_3623.png,0
1160,all_views_2699.png,0
1161,all_views_340.png,1
1162,all_views_3624.png,1
1163,all_views_2948.png,0
1164,all_views_27.png,1
1165,all_views_2476.png,1
1166,all_views_3627.png,0
1167,all_views_3181.png,1
1168,all_views_2477.png,1
1169,all_views_3628.png,1
1170,all_views_2479.png,0
1171,all_views_3629.png,0
1172,all_views_3403.png,1
1173,all_views_2700.png,0
1174,all_views_3183.png,0
1175,all_views_3404.png,0
1176,all_views_363.png,0
1177,all_views_2701.png,1
1178,all_views_2480.png,1
1179,all_views_3631.png,0
1180,all_views_3405.png,1
1181,all_views_3184.png,1
1182,all_views_295.png,0
1183,all_views_3632.png,1
1184,all_views_2703.png,0
1185,all_views_3185.png,1
1186,all_views_2482.png,0
1187,all_views_2704.png,1
1188,all_views_2952.png,1
1189,all_views_3187.png,0
1190,all_views_2483.png,0
1191,all_views_2705.png,1
1192,all_views_2706.png,0
1193,all_views_2484.png,1
1194,all_views_2953.png,1
1195,all_views_341.png,0
1196,all_views_2707.png,0
1197,all_views_3189.png,1
1198,all_views_3637.png,1
1199,all_views_2955.png,0
1200,all_views_2708.png,0
1201,all_views_2485.png,1
1202,all_views_3639.png,0
1203,all_views_3411.png,0
1204,all_views_319.png,0
1205,all_views_364.png,1
1206,all_views_2486.png,0
1207,all_views_2957.png,1
1208,all_views_3192.png,1
1209,all_views_2959.png,1
1210,all_views_271.png,1
1211,all_views_3413.png,1
1212,all_views_3641.png,1
1213,all_views_3415.png,0
1214,all_views_2487.png,0
1215,all_views_3195.png,0
1216,all_views_296.png,1
1217,all_views_3416.png,0
1218,all_views_2712.png,1
1219,all_views_3196.png,1
1220,all_views_2488.png,1
1221,all_views_3197.png,1
1222,all_views_2960.png,1
1223,all_views_3419.png,0
1224,all_views_2489.png,0
1225,all_views_2715.png,0
1226,all_views_3420.png,1
1227,all_views_32.png,1
1228,all_views_249.png,1
1229,all_views_2716.png,1
1230,all_views_3647.png,0
1231,all_views_2491.png,0
1232,all_views_3423.png,0
1233,all_views_2717.png,0
1234,all_views_2492.png,1
1235,all_views_3649.png,1
1236,all_views_2963.png,1
1237,all_views_3424.png,1
1238,all_views_365.png,1
1239,all_views_272.png,0
1240,all_views_3203.png,0
1241,all_views_3425.png,1
1242,all_views_3650.png,0
1243,all_views_2964.png,1
1244,all_views_3651.png,0
1245,all_views_2493.png,1
1246,all_views_2721.png,1
1247,all_views_3427.png,1
1248,all_views_2495.png,0
1249,all_views_3652.png,1
1250,all_views_3204.png,1
1251,all_views_2965.png,0
1252,all_views_2723.png,0
1253,all_views_3428.png,1
1254,all_views_2496.png,1
1255,all_views_2724.png,1
1256,all_views_3429.png,1
1257,all_views_3653.png,1
1258,all_views_2725.png,1
1259,all_views_343.png,0
1260,all_views_3655.png,0
1261,all_views_3431.png,0
1262,all_views_2727.png,0
1263,all_views_2499.png,0
1264,all_views_3656.png,1
1265,all_views_3432.png,1
1266,all_views_2969.png,1
1267,all_views_3207.png,0
1268,all_views_25.png,0
1269,all_views_3433.png,1
1270,all_views_2729.png,1
1271,all_views_3208.png,1
1272,all_views_297.png,1
1273,all_views_3657.png,0
1274,all_views_2970.png,0
1275,all_views_3209.png,1
1276,all_views_2501.png,1
1277,all_views_3436.png,1
1278,all_views_3659.png,1
1279,all_views_2731.png,0
1280,all_views_2503.png,0
1281,all_views_321.png,1
1282,all_views_2732.png,1
1283,all_views_2972.png,1
1284,all_views_2504.png,1
1285,all_views_2973.png,1
1286,all_views_3437.png,0
1287,all_views_2505.png,0
1288,all_views_3663.png,0
1289,all_views_3211.png,1
1290,all_views_3439.png,0
1291,all_views_2506.png,0
1292,all_views_3212.png,1
1293,all_views_2976.png,1
1294,all_views_3664.png,1
1295,all_views_344.png,1
1296,all_views_2507.png,0
1297,all_views_3665.png,1
1298,all_views_2508.png,1
1299,all_views_3441.png,1
1300,all_views_2733.png,0
1301,all_views_3215.png,1
1302,all_views_3443.png,0
1303,all_views_3668.png,1
1304,all_views_298.png,0
1305,all_views_3216.png,1
1306,all_views_3669.png,0
1307,all_views_3445.png,1
1308,all_views_3217.png,1
1309,all_views_2736.png,1
1310,all_views_2980.png,1
1311,all_views_3219.png,1
1312,all_views_3671.png,0
1313,all_views_2511.png,0
1314,all_views_2739.png,1
1315,all_views_3220.png,1
1316,all_views_2512.png,1
1317,all_views_2983.png,0
1318,all_views_2740.png,1
1319,all_views_3447.png,0
1320,all_views_3221.png,1
1321,all_views_2984.png,1
1322,all_views_2741.png,1
1323,all_views_2985.png,0
1324,all_views_3448.png,1
1325,all_views_3223.png,0
1326,all_views_2515.png,0
1327,all_views_3673.png,1
1328,all_views_2743.png,0
1329,all_views_3224.png,0
1330,all_views_2987.png,0
1331,all_views_3675.png,0
1332,all_views_3225.png,1
1333,all_views_2988.png,1
1334,all_views_3676.png,1
1335,all_views_2517.png,1
1336,all_views_2989.png,0
1337,all_views_3227.png,0
1338,all_views_299.png,0
1339,all_views_2519.png,0
1340,all_views_3679.png,0
1341,all_views_2991.png,0
1342,all_views_368.png,1
1343,all_views_3229.png,0
1344,all_views_2992.png,1
1345,all_views_2744.png,1
1346,all_views_3680.png,1
1347,all_views_2993.png,0
1348,all_views_2745.png,1
1349,all_views_3681.png,1
1350,all_views_2995.png,0
1351,all_views_3453.png,1
1352,all_views_2521.png,0
1353,all_views_3682.png,0
1354,all_views_3455.png,0
1355,all_views_2747.png,0
1356,all_views_3683.png,0
1357,all_views_3232.png,0
1358,all_views_2523.png,0
1359,all_views_3684.png,1
1360,all_views_2524.png,1
1361,all_views_2997.png,1
1362,all_views_3233.png,1
1363,all_views_2998.png,0
1364,all_views_3685.png,0
1365,all_views_3687.png,0
1366,all_views_2749.png,1
1367,all_views_3459.png,0
1368,all_views_2999.png,1
1369,all_views_2527.png,0
1370,all_views_275.png,0
1371,all_views_3460.png,1
1372,all_views_2528.png,1
1373,all_views_3.png,1
1374,all_views_3688.png,1
1375,all_views_2751.png,1
1376,all_views_2529.png,1
1377,all_views_300.png,1
1378,all_views_3236.png,0
1379,all_views_2752.png,1
1380,all_views_253.png,1
1381,all_views_3000.png,1
1382,all_views_3462.png,0
1383,all_views_369.png,0
1384,all_views_2753.png,1
1385,all_views_3001.png,1
1386,all_views_3239.png,0
1387,all_views_3463.png,1
1388,all_views_3003.png,0
1389,all_views_2532.png,1
1390,all_views_3004.png,1
1391,all_views_324.png,1
1392,all_views_3464.png,1
1393,all_views_2755.png,1
1394,all_views_3692.png,1
1395,all_views_3005.png,1
1396,all_views_3240.png,1
1397,all_views_2533.png,1
1398,all_views_3465.png,1
1399,all_views_2756.png,1
1400,all_views_3693.png,1
1401,all_views_3007.png,0
1402,all_views_2535.png,0
1403,all_views_3467.png,0
1404,all_views_3241.png,1
1405,all_views_2757.png,0
1406,all_views_3695.png,0
1407,all_views_3008.png,1
1408,all_views_3468.png,1
1409,all_views_3243.png,0
1410,all_views_2759.png,1
1411,all_views_3009.png,1
1412,all_views_276.png,1
1413,all_views_3469.png,1
1414,all_views_3696.png,1
1415,all_views_2760.png,1
1416,all_views_347.png,0
1417,all_views_2537.png,1
1418,all_views_2761.png,0
1419,all_views_2539.png,0
1420,all_views_3697.png,0
1421,all_views_3247.png,1
1422,all_views_2763.png,0
1423,all_views_3471.png,0
1424,all_views_3699.png,0
1425,all_views_3011.png,1
1426,all_views_3248.png,1
1427,all_views_2764.png,1
1428,all_views_37.png,1
1429,all_views_3249.png,0
1430,all_views_2765.png,1
1431,all_views_3700.png,1
1432,all_views_3012.png,1
1433,all_views_3472.png,1
1434,all_views_2767.png,0
1435,all_views_325.png,1
1436,all_views_2544.png,1
1437,all_views_3473.png,0
1438,all_views_3701.png,1
1439,all_views_3013.png,0
1440,all_views_2768.png,1
1441,all_views_2545.png,1
1442,all_views_3475.png,0
1443,all_views_3251.png,0
1444,all_views_2769.png,1
1445,all_views_3476.png,1
1446,all_views_3703.png,0
1447,all_views_3016.png,1
1448,all_views_2548.png,1
1449,all_views_3477.png,1
1450,all_views_277.png,1
1451,all_views_2549.png,1
1452,all_views_3479.png,1
1453,all_views_3019.png,0
1454,all_views_2771.png,1
1455,all_views_3705.png,1
1456,all_views_302.png,0
1457,all_views_348.png,1
1458,all_views_2772.png,1
1459,all_views_3020.png,1
1460,all_views_255.png,0
1461,all_views_3480.png,1
1462,all_views_3707.png,0
1463,all_views_2773.png,1
1464,all_views_3708.png,1
1465,all_views_2774.png,0
1466,all_views_3481.png,0
1467,all_views_3023.png,1
1468,all_views_3483.png,0
1469,all_views_371.png,1
1470,all_views_2776.png,1
1471,all_views_3024.png,1
1472,all_views_3711.png,0
1473,all_views_3485.png,1
1474,all_views_3252.png,1
1475,all_views_3025.png,1
1476,all_views_2777.png,1
1477,all_views_3027.png,0
1478,all_views_3253.png,1
1479,all_views_3712.png,1
1480,all_views_3028.png,1
1481,all_views_3713.png,1
1482,all_views_3255.png,0
1483,all_views_3256.png,1
1484,all_views_2553.png,1
1485,all_views_3715.png,0
1486,all_views_2780.png,1
1487,all_views_3489.png,1
1488,all_views_3029.png,0
1489,all_views_2781.png,0
1490,all_views_349.png,0
1491,all_views_303.png,0
1492,all_views_3716.png,1
1493,all_views_2555.png,0
1494,all_views_3259.png,0
1495,all_views_3491.png,0
1496,all_views_3031.png,1
1497,all_views_3260.png,1
1498,all_views_3032.png,1
1499,all_views_3492.png,1
1500,all_views_3261.png,0
1501,all_views_2783.png,0
1502,all_views_2556.png,0
1503,all_views_3493.png,1
1504,all_views_3035.png,0
1505,all_views_3720.png,1
1506,all_views_3494.png,0
1507,all_views_3036.png,1
1508,all_views_3263.png,0
1509,all_views_2785.png,1
1510,all_views_3037.png,1
1511,all_views_3264.png,1
1512,all_views_3721.png,1
1513,all_views_3039.png,0
1514,all_views_2787.png,1
1515,all_views_3723.png,0
1516,all_views_2558.png,0
1517,all_views_3267.png,1
1518,all_views_3497.png,1
1519,all_views_3724.png,1
1520,all_views_3268.png,1
1521,all_views_3499.png,1
1522,all_views_2559.png,0
1523,all_views_3041.png,1
1524,all_views_3043.png,1
1525,all_views_279.png,0
1526,all_views_2560.png,1
1527,all_views_3269.png,0
1528,all_views_3045.png,1
1529,all_views_3728.png,1
1530,all_views_3046.png,0
1531,all_views_327.png,0
1532,all_views_35.png,0
1533,all_views_3047.png,0
1534,all_views_373.png,1
1535,all_views_2561.png,1
1536,all_views_3272.png,1
1537,all_views_3048.png,1
1538,all_views_3731.png,0
1539,all_views_2563.png,0
1540,all_views_3049.png,1
1541,all_views_2793.png,1
1542,all_views_305.png,1
1543,all_views_2564.png,0
1544,all_views_3273.png,0
1545,all_views_3733.png,1
1546,all_views_2796.png,0
1547,all_views_3734.png,0
1548,all_views_3505.png,1
1549,all_views_3051.png,0
1550,all_views_3735.png,1
1551,all_views_3276.png,1
1552,all_views_3506.png,0
1553,all_views_3736.png,1
1554,all_views_3277.png,0
1555,all_views_2565.png,1
1556,all_views_3507.png,0
1557,all_views_2567.png,0
1558,all_views_2797.png,1
1559,all_views_3737.png,1
1560,all_views_3053.png,1
1561,all_views_3508.png,1
1562,all_views_2799.png,0
1563,all_views_2568.png,1
1564,all_views_3739.png,1
1565,all_views_3055.png,1
1566,all_views_2569.png,1
1567,all_views_3279.png,0
1568,all_views_3056.png,1
1569,all_views_280.png,1
1570,all_views_351.png,0
1571,all_views_3740.png,0
1572,all_views_2800.png,1
1573,all_views_3057.png,1
1574,all_views_328.png,1
1575,all_views_3059.png,0
1576,all_views_3741.png,1
1577,all_views_3512.png,1
1578,all_views_3513.png,1
1579,all_views_3743.png,1
1580,all_views_2803.png,1
1581,all_views_3281.png,0
1582,all_views_3515.png,0
1583,all_views_2804.png,1
1584,all_views_3061.png,1
1585,all_views_3744.png,1
1586,all_views_3283.png,0
1587,all_views_3063.png,1
1588,all_views_3516.png,1
1589,all_views_2805.png,0
1590,all_views_3064.png,1
1591,all_views_3747.png,1
1592,all_views_2807.png,0
1593,all_views_3065.png,1
1594,all_views_3285.png,0
1595,all_views_2808.png,1
1596,all_views_3749.png,0
1597,all_views_257.png,1
1598,all_views_3287.png,1
1599,all_views_3067.png,0
1600,all_views_3517.png,1
1601,all_views_3288.png,1
1602,all_views_2571.png,0
1603,all_views_2809.png,1
1604,all_views_375.png,0
1605,all_views_3519.png,0
1606,all_views_281.png,1
1607,all_views_3289.png,1
1608,all_views_3069.png,1
1609,all_views_352.png,1
1610,all_views_2572.png,1
1611,all_views_3520.png,0
1612,all_views_329.png,0
1613,all_views_3752.png,1
1614,all_views_3071.png,0
1615,all_views_3521.png,0
1616,all_views_2811.png,0
1617,all_views_3523.png,0
1618,all_views_2576.png,1
1619,all_views_3292.png,1
1620,all_views_3072.png,1
1621,all_views_3524.png,1
1622,all_views_3755.png,0
1623,all_views_2812.png,1
1624,all_views_3293.png,0
1625,all_views_3073.png,0
1626,all_views_2813.png,1
1627,all_views_3756.png,0
1628,all_views_3525.png,1
1629,all_views_2579.png,0
1630,all_views_3295.png,0
1631,all_views_2815.png,1
1632,all_views_3075.png,1
1633,all_views_3527.png,0
1634,all_views_2580.png,0
1635,all_views_2816.png,1
1636,all_views_3296.png,1
1637,all_views_3076.png,1
1638,all_views_2817.png,1
1639,all_views_3297.png,0
1640,all_views_2581.png,0
1641,all_views_3529.png,1
1642,all_views_33.png,1
1643,all_views_330.png,0
1644,all_views_3760.png,1
1645,all_views_2823.png,0
1646,all_views_3532.png,1
1647,all_views_2824.png,0
1648,all_views_3761.png,0
1649,all_views_3300.png,1
1650,all_views_3533.png,1
1651,all_views_2585.png,0
1652,all_views_2825.png,1
1653,all_views_3079.png,1
1654,all_views_3535.png,0
1655,all_views_2587.png,0
1656,all_views_3764.png,1
1657,all_views_3536.png,1
1658,all_views_3303.png,0
1659,all_views_308.png,1
1660,all_views_3766.png,0
1661,all_views_2828.png,1
1662,all_views_2589.png,0
1663,all_views_3080.png,1
1664,all_views_3539.png,0
1665,all_views_3767.png,0
1666,all_views_259.png,0
1667,all_views_3081.png,1
1668,all_views_2829.png,0
1669,all_views_3304.png,1
1670,all_views_3540.png,1
1671,all_views_3083.png,0
1672,all_views_3305.png,1
1673,all_views_2591.png,0
1674,all_views_3541.png,1
1675,all_views_2831.png,1
1676,all_views_3768.png,1
1677,all_views_3084.png,1
1678,all_views_3543.png,0
1679,all_views_3307.png,1
1680,all_views_2832.png,0
1681,all_views_3085.png,1
1682,all_views_2593.png,1
1683,all_views_2833.png,1
1684,all_views_3087.png,1
1685,all_views_3769.png,1
1686,all_views_3544.png,1
1687,all_views_3308.png,1
1688,all_views_3088.png,1
1689,all_views_2595.png,0
1690,all_views_377.png,1
1691,all_views_3089.png,0
1692,all_views_2835.png,1
1693,all_views_309.png,1
1694,all_views_3771.png,0
1695,all_views_2596.png,1
1696,all_views_2836.png,1
1697,all_views_3547.png,0
1698,all_views_3772.png,1
1699,all_views_331.png,0
1700,all_views_3311.png,0
1701,all_views_2837.png,0
1702,all_views_3773.png,1
1703,all_views_3549.png,1
1704,all_views_2599.png,1
1705,all_views_3312.png,1
1706,all_views_3775.png,0
1707,all_views_355.png,0
1708,all_views_260.png,0
1709,all_views_284.png,1
1710,all_views_3313.png,1
1711,all_views_2600.png,1
1712,all_views_3551.png,0
1713,all_views_3315.png,0
1714,all_views_3777.png,1
1715,all_views_2841.png,0
1716,all_views_2601.png,1
1717,all_views_3779.png,0
1718,all_views_3316.png,0
1719,all_views_2843.png,0
1720,all_views_3553.png,1
1721,all_views_3555.png,1
1722,all_views_2603.png,0
1723,all_views_2604.png,1
1724,all_views_3780.png,1
1725,all_views_3557.png,1
1726,all_views_3319.png,1
1727,all_views_2605.png,0
1728,all_views_3559.png,0
1729,all_views_3783.png,0
1730,all_views_2847.png,1
1731,all_views_356.png,1
1732,all_views_2848.png,1
1733,all_views_3785.png,1
1734,all_views_3560.png,0
1735,all_views_3787.png,0
1736,all_views_3561.png,0
1737,all_views_2852.png,0
1738,all_views_3788.png,1
1739,all_views_3789.png,1
1740,all_views_3327.png,1
1741,all_views_2613.png,0
1742,all_views_2855.png,0
1743,all_views_2615.png,0
1744,all_views_2856.png,1
1745,all_views_3791.png,0
1746,all_views_2857.png,1
1747,all_views_2616.png,0
1748,all_views_3792.png,1
1749,all_views_2858.png,0
1750,all_views_3793.png,1
1751,all_views_2617.png,1
1752,all_views_3795.png,0
1753,all_views_2619.png,1
1754,all_views_2861.png,0
1755,all_views_3796.png,1
1756,all_views_2623.png,1
1757,all_views_2624.png,0
1758,all_views_2625.png,1
1759,all_views_2627.png,0
1760,all_views_664.png,1
1761,all_views_2628.png,1
1762,all_views_427.png,0
1763,all_views_668.png,1
1764,all_views_3799.png,0
1765,all_views_38.png,0
1766,all_views_429.png,0
1767,all_views_380.png,1
1768,all_views_672.png,0
1769,all_views_431.png,1
1770,all_views_3800.png,1
1771,all_views_673.png,0
1772,all_views_893.png,0
1773,all_views_432.png,1
1774,all_views_674.png,0
1775,all_views_894.png,0
1776,all_views_895.png,1
1777,all_views_3802.png,0
1778,all_views_675.png,0
1779,all_views_435.png,0
1780,all_views_896.png,1
1781,all_views_3803.png,0
1782,all_views_676.png,1
1783,all_views_436.png,1
1784,all_views_677.png,1
1785,all_views_897.png,1
1786,all_views_3804.png,1
1787,all_views_679.png,0
1788,all_views_899.png,0
1789,all_views_437.png,0
1790,all_views_68.png,1
1791,all_views_440.png,1
1792,all_views_3808.png,0
1793,all_views_901.png,0
1794,all_views_680.png,1
1795,all_views_903.png,0
1796,all_views_904.png,1
1797,all_views_681.png,1
1798,all_views_444.png,1
1799,all_views_905.png,0
1800,all_views_3810.png,0
1801,all_views_907.png,0
1802,all_views_445.png,1
1803,all_views_3811.png,0
1804,all_views_908.png,1
1805,all_views_3812.png,1
1806,all_views_909.png,1
1807,all_views_683.png,0
1808,all_views_91.png,0
1809,all_views_684.png,1
1810,all_views_449.png,1
1811,all_views_911.png,0
1812,all_views_3815.png,0
1813,all_views_912.png,1
1814,all_views_685.png,0
1815,all_views_3816.png,1
1816,all_views_913.png,1
1817,all_views_451.png,0
1818,all_views_687.png,0
1819,all_views_3817.png,0
1820,all_views_915.png,0
1821,all_views_452.png,1
1822,all_views_3819.png,0
1823,all_views_916.png,1
1824,all_views_689.png,1
1825,all_views_453.png,1
1826,all_views_69.png,0
1827,all_views_3821.png,0
1828,all_views_455.png,0
1829,all_views_691.png,0
1830,all_views_3823.png,0
1831,all_views_692.png,1
1832,all_views_919.png,0
1833,all_views_457.png,0
1834,all_views_3825.png,1
1835,all_views_92.png,1
1836,all_views_693.png,1
1837,all_views_459.png,1
1838,all_views_920.png,1
1839,all_views_695.png,0
1840,all_views_3828.png,1
1841,all_views_921.png,0
1842,all_views_463.png,0
1843,all_views_923.png,0
1844,all_views_698.png,0
1845,all_views_464.png,1
1846,all_views_924.png,1
1847,all_views_699.png,0
1848,all_views_3831.png,0
1849,all_views_465.png,1
1850,all_views_925.png,1
1851,all_views_7.png,0
1852,all_views_467.png,0
1853,all_views_927.png,0
1854,all_views_701.png,0
1855,all_views_928.png,1
1856,all_views_703.png,0
1857,all_views_929.png,1
1858,all_views_704.png,1
1859,all_views_3835.png,0
1860,all_views_47.png,1
1861,all_views_3836.png,0
1862,all_views_705.png,1
1863,all_views_471.png,0
1864,all_views_931.png,1
1865,all_views_707.png,1
1866,all_views_932.png,0
1867,all_views_3837.png,1
1868,all_views_3839.png,0
1869,all_views_709.png,1
1870,all_views_475.png,0
1871,all_views_934.png,0
1872,all_views_71.png,0
1873,all_views_384.png,1
1874,all_views_935.png,0
1875,all_views_710.png,0
1876,all_views_3840.png,0
1877,all_views_479.png,0
1878,all_views_936.png,1
1879,all_views_48.png,1
1880,all_views_711.png,0
1881,all_views_937.png,1
1882,all_views_939.png,0
1883,all_views_712.png,1
1884,all_views_3844.png,1
1885,all_views_481.png,1
1886,all_views_940.png,1
1887,all_views_713.png,1
1888,all_views_941.png,1
1889,all_views_3845.png,1
1890,all_views_3847.png,0
1891,all_views_943.png,0
1892,all_views_715.png,0
1893,all_views_944.png,1
1894,all_views_945.png,0
1895,all_views_3849.png,1
1896,all_views_487.png,0
1897,all_views_947.png,1
1898,all_views_716.png,1
1899,all_views_385.png,0
1900,all_views_948.png,1
1901,all_views_488.png,1
1902,all_views_489.png,0
1903,all_views_3851.png,0
1904,all_views_95.png,0
1905,all_views_719.png,0
1906,all_views_49.png,1
1907,all_views_951.png,1
1908,all_views_3852.png,1
1909,all_views_491.png,0
1910,all_views_952.png,1
1911,all_views_3853.png,0
1912,all_views_953.png,1
1913,all_views_3855.png,0
1914,all_views_721.png,1
1915,all_views_3856.png,1
1916,all_views_723.png,0
1917,all_views_494.png,0
1918,all_views_724.png,0
1919,all_views_956.png,1
1920,all_views_727.png,0
1921,all_views_495.png,1
1922,all_views_728.png,1
1923,all_views_959.png,0
1924,all_views_496.png,0
1925,all_views_96.png,0
1926,all_views_73.png,1
1927,all_views_960.png,1
1928,all_views_497.png,1
1929,all_views_731.png,0
1930,all_views_499.png,0
1931,all_views_961.png,1
1932,all_views_3863.png,0
1933,all_views_5.png,1
1934,all_views_732.png,1
1935,all_views_963.png,0
1936,all_views_500.png,1
1937,all_views_733.png,0
1938,all_views_964.png,1
1939,all_views_501.png,0
1940,all_views_965.png,1
1941,all_views_735.png,0
1942,all_views_502.png,0
1943,all_views_967.png,0
1944,all_views_736.png,0
1945,all_views_737.png,1
1946,all_views_3868.png,1
1947,all_views_969.png,0
1948,all_views_739.png,1
1949,all_views_97.png,0
1950,all_views_387.png,0
1951,all_views_971.png,0
1952,all_views_3871.png,0
1953,all_views_503.png,0
1954,all_views_972.png,1
1955,all_views_740.png,1
1956,all_views_3872.png,0
1957,all_views_741.png,1
1958,all_views_504.png,1
1959,all_views_973.png,1
1960,all_views_975.png,0
1961,all_views_743.png,0
1962,all_views_3875.png,0
1963,all_views_3876.png,1
1964,all_views_976.png,1
1965,all_views_3877.png,1
1966,all_views_506.png,0
1967,all_views_977.png,1
1968,all_views_747.png,0
1969,all_views_979.png,0
1970,all_views_748.png,0
1971,all_views_507.png,0
1972,all_views_749.png,0
1973,all_views_980.png,0
1974,all_views_75.png,0
1975,all_views_3881.png,1
1976,all_views_982.png,0
1977,all_views_751.png,1
1978,all_views_51.png,0
1979,all_views_3883.png,1
1980,all_views_983.png,0
1981,all_views_752.png,1
1982,all_views_511.png,0
1983,all_views_984.png,0
1984,all_views_3884.png,1
1985,all_views_512.png,0
1986,all_views_985.png,1
1987,all_views_755.png,0
1988,all_views_986.png,0
1989,all_views_3887.png,1
1990,all_views_756.png,1
1991,all_views_987.png,1
1992,all_views_757.png,0
1993,all_views_988.png,1
1994,all_views_759.png,0
1995,all_views_515.png,0
1996,all_views_3889.png,0
1997,all_views_989.png,1
1998,all_views_99.png,0
1999,all_views_389.png,0
2000,all_views_991.png,0
2001,all_views_519.png,0
2002,all_views_3890.png,0
2003,all_views_3891.png,0
2004,all_views_52.png,0
2005,all_views_993.png,1
2006,all_views_767.png,0
2007,all_views_995.png,1
2008,all_views_3893.png,1
2009,all_views_523.png,0
2010,all_views_996.png,1
2011,all_views_768.png,1
2012,all_views_769.png,1
2013,all_views_997.png,1
2014,all_views_525.png,0
2015,all_views_999.png,0
2016,all_views_527.png,0
2017,all_views_77.png,1
2018,all_views_3896.png,1
2019,all_views_528.png,0
2020,all_views_3897.png,1
2021,all_views_529.png,1
2022,all_views_3899.png,0
2023,all_views_53.png,1
2024,all_views_775.png,0
2025,all_views_531.png,0
2026,all_views_39.png,0
2027,all_views_776.png,0
2028,all_views_532.png,1
2029,all_views_3900.png,1
2030,all_views_533.png,1
2031,all_views_535.png,1
2032,all_views_3901.png,1
2033,all_views_3903.png,0
2034,all_views_781.png,0
2035,all_views_783.png,1
2036,all_views_540.png,1
2037,all_views_3907.png,0
2038,all_views_541.png,0
2039,all_views_785.png,0
2040,all_views_3909.png,1
2041,all_views_787.png,0
2042,all_views_544.png,1
2043,all_views_391.png,0
2044,all_views_545.png,0
2045,all_views_3911.png,0
2046,all_views_547.png,1
2047,all_views_79.png,0
2048,all_views_3915.png,0
2049,all_views_791.png,0
2050,all_views_549.png,1
2051,all_views_3916.png,1
2052,all_views_792.png,0
2053,all_views_55.png,0
2054,all_views_3917.png,1
2055,all_views_793.png,1
2056,all_views_3919.png,0
2057,all_views_551.png,0
2058,all_views_795.png,0
2059,all_views_796.png,1
2060,all_views_799.png,0
2061,all_views_555.png,0
2062,all_views_3921.png,0
2063,all_views_556.png,0
2064,all_views_8.png,0
2065,all_views_3922.png,0
2066,all_views_80.png,1
2067,all_views_557.png,0
2068,all_views_3923.png,0
2069,all_views_559.png,0
2070,all_views_801.png,1
2071,all_views_56.png,1
2072,all_views_3925.png,0
2073,all_views_803.png,0
2074,all_views_3926.png,0
2075,all_views_560.png,1
2076,all_views_804.png,1
2077,all_views_3927.png,0
2078,all_views_3928.png,0
2079,all_views_561.png,0
2080,all_views_3929.png,1
2081,all_views_563.png,0
2082,all_views_808.png,1
2083,all_views_565.png,0
2084,all_views_3931.png,0
2085,all_views_809.png,1
2086,all_views_3932.png,1
2087,all_views_3933.png,0
2088,all_views_811.png,0
2089,all_views_57.png,0
2090,all_views_571.png,1
2091,all_views_813.png,1
2092,all_views_572.png,1
2093,all_views_3937.png,1
2094,all_views_573.png,0
2095,all_views_816.png,1
2096,all_views_3939.png,0
2097,all_views_817.png,0
2098,all_views_819.png,0
2099,all_views_3941.png,1
2100,all_views_823.png,0
2101,all_views_580.png,1
2102,all_views_581.png,0
2103,all_views_583.png,0
2104,all_views_584.png,0
2105,all_views_3947.png,0
2106,all_views_585.png,0
2107,all_views_827.png,0
2108,all_views_828.png,1
2109,all_views_3949.png,1
2110,all_views_587.png,1
2111,all_views_829.png,0
2112,all_views_395.png,1
2113,all_views_3951.png,0
2114,all_views_3952.png,1
2115,all_views_833.png,0
2116,all_views_3953.png,1
2117,all_views_835.png,0
2118,all_views_3955.png,0
2119,all_views_836.png,1
2120,all_views_589.png,1
2121,all_views_59.png,0
2122,all_views_837.png,0
2123,all_views_3956.png,1
2124,all_views_591.png,0
2125,all_views_839.png,1
2126,all_views_3957.png,1
2127,all_views_84.png,1
2128,all_views_3959.png,0
2129,all_views_396.png,1
2130,all_views_592.png,1
2131,all_views_841.png,1
2132,all_views_3960.png,0
2133,all_views_843.png,0
2134,all_views_3961.png,0
2135,all_views_844.png,0
2136,all_views_3962.png,0
2137,all_views_595.png,0
2138,all_views_3963.png,0
2139,all_views_847.png,0
2140,all_views_596.png,1
2141,all_views_3965.png,1
2142,all_views_597.png,0
2143,all_views_3967.png,0
2144,all_views_599.png,1
2145,all_views_3968.png,1
2146,all_views_60.png,1
2147,all_views_850.png,0
2148,all_views_600.png,1
2149,all_views_601.png,1
2150,all_views_397.png,0
2151,all_views_603.png,0
2152,all_views_604.png,1
2153,all_views_3973.png,0
2154,all_views_607.png,0
2155,all_views_853.png,1
2156,all_views_855.png,0
2157,all_views_609.png,0
2158,all_views_61.png,1
2159,all_views_3976.png,1
2160,all_views_857.png,1
2161,all_views_611.png,1
2162,all_views_3977.png,1
2163,all_views_612.png,1
2164,all_views_3979.png,0
2165,all_views_860.png,0
2166,all_views_613.png,0
2167,all_views_3980.png,1
2168,all_views_861.png,1
2169,all_views_615.png,0
2170,all_views_616.png,1
2171,all_views_863.png,0
2172,all_views_3983.png,0
2173,all_views_617.png,1
2174,all_views_3984.png,1
2175,all_views_619.png,0
2176,all_views_3985.png,1
2177,all_views_865.png,1
2178,all_views_621.png,1
2179,all_views_866.png,0
2180,all_views_3987.png,0
2181,all_views_623.png,0
2182,all_views_867.png,0
2183,all_views_868.png,1
2184,all_views_3989.png,1
2185,all_views_625.png,1
2186,all_views_869.png,1
2187,all_views_627.png,0
2188,all_views_628.png,1
2189,all_views_3991.png,0
2190,all_views_629.png,1
2191,all_views_63.png,1
2192,all_views_631.png,0
2193,all_views_3993.png,0
2194,all_views_632.png,1
2195,all_views_873.png,0
2196,all_views_875.png,0
2197,all_views_3996.png,1
2198,all_views_876.png,1
2199,all_views_3997.png,1
2200,all_views_877.png,1
2201,all_views_636.png,0
2202,all_views_3999.png,1
2203,all_views_637.png,1
2204,all_views_879.png,1
2205,all_views_4.png,1
2206,all_views_639.png,0
2207,all_views_88.png,0
2208,all_views_40.png,1
2209,all_views_64.png,1
2210,all_views_400.png,1
2211,all_views_641.png,1
2212,all_views_403.png,0
2213,all_views_883.png,0
2214,all_views_644.png,0
2215,all_views_405.png,1
2216,all_views_645.png,1
2217,all_views_885.png,1
2218,all_views_648.png,1
2219,all_views_406.png,0
2220,all_views_407.png,0
2221,all_views_889.png,1
2222,all_views_65.png,0
2223,all_views_408.png,1
2224,all_views_89.png,0
2225,all_views_651.png,1
2226,all_views_890.png,0
2227,all_views_652.png,1
2228,all_views_653.png,1
2229,all_views_657.png,1
2230,all_views_412.png,0
2231,all_views_413.png,1
2232,all_views_660.png,1
2233,all_views_415.png,1
2234,all_views_661.png,1
2235,all_views_421.png,1
2236,all_views_424.png,1
