all_views_3084.png,1
all_views_1969.png,0
all_views_560.png,1
all_views_245.png,1
all_views_1155.png,1
all_views_2203.png,0
all_views_3305.png,1
all_views_1383.png,1
all_views_1972.png,1
all_views_2970.png,0
all_views_3856.png,1
all_views_3295.png,0
all_views_3875.png,0
all_views_1231.png,0
all_views_2069.png,1
all_views_795.png,0
all_views_3240.png,1
all_views_2528.png,1
all_views_2677.png,1
all_views_1375.png,0
all_views_613.png,0
all_views_3149.png,0
all_views_1113.png,1
all_views_1120.png,1
all_views_1087.png,0
all_views_3189.png,1
all_views_1705.png,1
all_views_2535.png,0
all_views_2251.png,0
all_views_2998.png,0
all_views_495.png,1
all_views_867.png,0
all_views_2524.png,1
all_views_2022.png,0
all_views_112.png,1
all_views_929.png,1
all_views_707.png,1
all_views_657.png,1
all_views_1864.png,1
all_views_1753.png,0
all_views_945.png,0
all_views_1403.png,0
all_views_3521.png,0
all_views_2928.png,0
all_views_2752.png,1
all_views_3671.png,0
all_views_769.png,1
all_views_1487.png,0
all_views_545.png,0
all_views_3740.png,0
all_views_2887.png,0
all_views_2396.png,0
all_views_1799.png,0
all_views_3804.png,1
all_views_421.png,1
all_views_1036.png,1
all_views_1527.png,0
all_views_2668.png,1
all_views_197.png,1
all_views_3153.png,1
all_views_1159.png,0
all_views_3665.png,1
all_views_1000.png,0
all_views_1195.png,0
all_views_249.png,1
all_views_34.png,0
all_views_3161.png,1
all_views_732.png,1
all_views_801.png,1
all_views_2269.png,0
all_views_529.png,1
all_views_2783.png,0
all_views_3001.png,1
all_views_3263.png,0
all_views_674.png,0
all_views_2743.png,0
all_views_61.png,1
all_views_92.png,1
all_views_3956.png,1
all_views_228.png,1
all_views_1837.png,1
all_views_2803.png,1
all_views_2428.png,1
all_views_3589.png,0
all_views_724.png,0
all_views_1938.png,0
all_views_1835.png,0
all_views_2852.png,0
all_views_302.png,0
all_views_2279.png,0
all_views_3436.png,1
all_views_1557.png,0
all_views_1852.png,1
all_views_1931.png,0
all_views_2291.png,0
all_views_3931.png,0
all_views_257.png,1
all_views_3473.png,0
all_views_1573.png,1
all_views_2319.png,0
all_views_2276.png,1
all_views_2425.png,0
all_views_2875.png,0
all_views_2945.png,0
all_views_3845.png,1
all_views_2885.png,1
all_views_3260.png,1
all_views_561.png,0
all_views_371.png,1
all_views_1923.png,1
all_views_1833.png,0
all_views_1335.png,0
all_views_2064.png,1
all_views_2035.png,0
all_views_3581.png,1
all_views_527.png,0
all_views_1500.png,1
all_views_3009.png,1
all_views_1670.png,0
all_views_2529.png,1
all_views_1867.png,1
all_views_2729.png,1
all_views_648.png,1
all_views_1671.png,1
all_views_2316.png,1
all_views_2303.png,0
all_views_3364.png,1
all_views_1903.png,0
all_views_1512.png,1
all_views_2095.png,0
all_views_3616.png,1
all_views_2451.png,0
all_views_2772.png,1
all_views_1755.png,1
all_views_3297.png,0
all_views_1428.png,1
all_views_1665.png,1
all_views_804.png,1
all_views_1691.png,0
all_views_791.png,0
all_views_2727.png,0
all_views_3909.png,1
all_views_668.png,1
all_views_600.png,1
all_views_235.png,1
all_views_3183.png,0
all_views_2671.png,0
all_views_2804.png,1
all_views_1220.png,1
all_views_3997.png,1
all_views_1440.png,1
all_views_2367.png,0
all_views_2744.png,1
all_views_1495.png,0
all_views_3835.png,0
all_views_3524.png,1
all_views_2681.png,1
all_views_3715.png,0
all_views_1449.png,1
all_views_3533.png,1
all_views_400.png,1
all_views_3771.png,0
all_views_2545.png,1
all_views_2600.png,1
all_views_1739.png,0
all_views_491.png,0
all_views_3288.png,1
all_views_356.png,1
all_views_919.png,0
all_views_3035.png,0
all_views_1271.png,0
all_views_2741.png,1
all_views_75.png,0
all_views_2496.png,1
all_views_1420.png,1
all_views_1731.png,0
all_views_2317.png,1
all_views_1270.png,0
all_views_1236.png,1
all_views_2433.png,1
all_views_3947.png,0
all_views_2900.png,1
all_views_2669.png,1
all_views_2132.png,1
all_views_3795.png,0
all_views_3544.png,1
all_views_3253.png,1
all_views_3472.png,1
all_views_2144.png,1
all_views_3989.png,1
all_views_1913.png,1
all_views_1161.png,1
all_views_2917.png,1
all_views_879.png,1
all_views_2847.png,1
all_views_3373.png,1
all_views_2349.png,1
all_views_1108.png,1
all_views_2548.png,1
all_views_299.png,0
all_views_2768.png,1
all_views_1943.png,0
all_views_2060.png,1
all_views_3169.png,1
all_views_3937.png,1
all_views_3159.png,0
all_views_1965.png,0
all_views_23.png,0
all_views_503.png,0
all_views_3489.png,1
all_views_2886.png,0
all_views_1546.png,0
all_views_1053.png,1
all_views_1956.png,1
all_views_1362.png,0
all_views_499.png,0
all_views_3499.png,1
all_views_3445.png,1
all_views_2815.png,1
all_views_2155.png,1
all_views_2799.png,0
all_views_3203.png,0
all_views_2099.png,1
all_views_2003.png,0
all_views_2404.png,1
all_views_3380.png,1
all_views_3779.png,0
all_views_3269.png,0
all_views_1521.png,1
all_views_277.png,1
all_views_3127.png,0
all_views_3789.png,1
all_views_2724.png,1
all_views_2315.png,1
all_views_2679.png,0
all_views_3204.png,1
all_views_2913.png,1
all_views_3800.png,1
all_views_956.png,1
all_views_1897.png,1
all_views_340.png,1
all_views_972.png,1
all_views_2659.png,0
all_views_2212.png,1
all_views_1959.png,0
all_views_2776.png,1
all_views_680.png,1
all_views_1688.png,1
all_views_959.png,0
all_views_1052.png,1
all_views_3987.png,0
all_views_227.png,0
all_views_975.png,0
all_views_3061.png,1
all_views_16.png,1
all_views_1275.png,0
all_views_3428.png,1
all_views_2739.png,1
all_views_3357.png,1
all_views_2465.png,1
all_views_3497.png,1
all_views_1336.png,1
all_views_3749.png,0
all_views_3664.png,1
all_views_31.png,1
all_views_2836.png,1
all_views_1177.png,1
all_views_56.png,1
all_views_3005.png,1
all_views_455.png,0
all_views_1425.png,1
all_views_1028.png,1
all_views_1356.png,1
all_views_1376.png,1
all_views_2424.png,1
all_views_3184.png,1
all_views_1076.png,1
all_views_2980.png,1
all_views_123.png,0
all_views_1115.png,1
all_views_40.png,1
all_views_504.png,1
all_views_1979.png,0
all_views_1045.png,1
all_views_3733.png,1
all_views_152.png,1
all_views_2244.png,0
all_views_1607.png,1
all_views_3012.png,1
all_views_80.png,1
all_views_2983.png,0
all_views_3512.png,1
all_views_1213.png,1
all_views_1001.png,1
all_views_1944.png,1
all_views_2965.png,0
all_views_2964.png,1
all_views_875.png,0
all_views_1381.png,1
all_views_124.png,1
all_views_3573.png,0
all_views_3773.png,1
all_views_1992.png,1
all_views_5.png,1
all_views_3884.png,1
all_views_3029.png,0
all_views_3027.png,0
all_views_3387.png,1
all_views_535.png,1
all_views_1401.png,1
all_views_3376.png,1
all_views_131.png,0
all_views_3764.png,1
all_views_1324.png,1
all_views_3929.png,1
all_views_549.png,1
all_views_628.png,1
all_views_2285.png,1
all_views_2101.png,1
all_views_3480.png,1
all_views_2476.png,1
all_views_3693.png,1
all_views_2293.png,1
all_views_1932.png,1
all_views_985.png,1
all_views_3296.png,1
all_views_303.png,0
all_views_3849.png,1
all_views_2643.png,0
all_views_953.png,1
all_views_2000.png,1
all_views_1801.png,0
all_views_1816.png,1
all_views_2757.png,0
all_views_2036.png,1
all_views_2695.png,0
all_views_2200.png,1
all_views_1821.png,1
all_views_1447.png,0
all_views_281.png,1
all_views_2761.png,0
all_views_2683.png,1
all_views_2129.png,1
all_views_3336.png,1
all_views_2649.png,0
all_views_885.png,1
all_views_2468.png,1
all_views_3547.png,0
all_views_3769.png,1
all_views_3128.png,0
all_views_896.png,1
all_views_1256.png,1
all_views_348.png,1
all_views_1713.png,1
all_views_2517.png,1
all_views_2360.png,1
all_views_1887.png,0
all_views_897.png,1
all_views_3897.png,1
all_views_2247.png,1
all_views_960.png,1
all_views_1207.png,0
all_views_189.png,1
all_views_1148.png,1
all_views_344.png,1
all_views_1343.png,0
all_views_1524.png,1
all_views_1525.png,1
all_views_3359.png,0
all_views_3365.png,1
all_views_2260.png,1
all_views_2756.png,1
all_views_2323.png,0
all_views_3979.png,0
all_views_1581.png,1
all_views_163.png,0
all_views_1997.png,1
all_views_3063.png,1
all_views_3597.png,1
all_views_2320.png,1
all_views_3608.png,1
all_views_2053.png,1
all_views_1395.png,0
all_views_1980.png,1
all_views_934.png,0
all_views_3369.png,1
all_views_1309.png,1
all_views_1892.png,0
all_views_1535.png,0
all_views_3808.png,0
all_views_2693.png,1
all_views_601.png,1
all_views_464.png,1
all_views_3360.png,1
all_views_1404.png,1
all_views_833.png,0
all_views_2848.png,1
all_views_2521.png,0
all_views_3392.png,1
all_views_192.png,1
all_views_413.png,1
all_views_201.png,1
all_views_3227.png,0
all_views_2676.png,1
all_views_2157.png,0
all_views_3721.png,1
all_views_876.png,1
all_views_1677.png,0
all_views_2817.png,1
all_views_305.png,1
all_views_377.png,1
all_views_3411.png,0
all_views_1021.png,1
all_views_1430.png,0
all_views_660.png,1
all_views_2201.png,1
all_views_3085.png,1
all_views_3976.png,1
all_views_3711.png,0
all_views_180.png,1
all_views_1672.png,0
all_views_3932.png,1
all_views_1431.png,1
all_views_3802.png,0
all_views_677.png,1
all_views_1951.png,1
all_views_1057.png,1
all_views_1968.png,1
all_views_1836.png,1
all_views_572.png,1
all_views_2939.png,0
all_views_1873.png,1
all_views_2147.png,0
all_views_2221.png,1
all_views_3223.png,0
all_views_1097.png,1
all_views_3933.png,0
all_views_1637.png,1
all_views_2045.png,1
all_views_129.png,1
all_views_3681.png,1
all_views_2308.png,1
all_views_3217.png,1
all_views_1780.png,1
all_views_1371.png,0
all_views_2955.png,0
all_views_1719.png,0
all_views_1415.png,0
all_views_3712.png,1
all_views_2919.png,1
all_views_2032.png,1
all_views_740.png,1
all_views_1100.png,1
all_views_639.png,0
all_views_1692.png,1
all_views_330.png,0
all_views_1308.png,1
all_views_3708.png,1
all_views_644.png,0
all_views_2972.png,1
all_views_2787.png,1
all_views_3196.png,1
all_views_3059.png,0
all_views_359.png,1
all_views_315.png,0
all_views_1419.png,0
all_views_339.png,0
all_views_2601.png,1
all_views_2148.png,1
all_views_2537.png,1
all_views_908.png,1
all_views_63.png,1
all_views_2837.png,0
all_views_737.png,1
all_views_3413.png,1
all_views_2585.png,0
all_views_3587.png,1
all_views_2988.png,1
all_views_2511.png,0
all_views_333.png,0
all_views_1035.png,1
all_views_3676.png,1
all_views_743.png,0
all_views_3697.png,0
all_views_1597.png,1
all_views_3119.png,1
all_views_3692.png,1
all_views_3775.png,0
all_views_1507.png,0
all_views_12.png,1
all_views_2959.png,1
all_views_1612.png,1
all_views_1328.png,1
all_views_313.png,1
all_views_1937.png,1
all_views_2491.png,0
all_views_964.png,1
all_views_2097.png,1
all_views_683.png,0
all_views_2633.png,1
all_views_1221.png,1
all_views_2680.png,1
all_views_1964.png,1
all_views_3959.png,0
all_views_3532.png,1
all_views_111.png,0
all_views_811.png,0
all_views_3032.png,1
all_views_132.png,1
all_views_2617.png,1
all_views_2483.png,0
all_views_355.png,0
all_views_2241.png,1
all_views_275.png,0
all_views_1244.png,1
all_views_3207.png,0
all_views_3627.png,0
all_views_941.png,1
all_views_2324.png,1
all_views_1718.png,0
all_views_2519.png,0
all_views_2987.png,0
all_views_1191.png,0
all_views_705.png,1
all_views_3685.png,0
all_views_155.png,0
all_views_3129.png,1
all_views_1005.png,1
all_views_1352.png,1
all_views_976.png,1
all_views_3621.png,1
all_views_3567.png,0
all_views_3596.png,1
all_views_984.png,0
all_views_143.png,0
all_views_363.png,0
all_views_2843.png,0
all_views_1055.png,1
all_views_3424.png,1
all_views_2712.png,1
all_views_710.png,0
all_views_1040.png,1
all_views_2461.png,1
all_views_2499.png,0
all_views_1496.png,1
all_views_3041.png,1
all_views_3768.png,1
all_views_809.png,1
all_views_3520.png,0
all_views_183.png,0
all_views_1536.png,1
all_views_91.png,0
all_views_2489.png,0
all_views_1407.png,0
all_views_2833.png,1
all_views_3460.png,1
all_views_1175.png,0
all_views_869.png,1
all_views_3796.png,1
all_views_1295.png,0
all_views_2371.png,0
all_views_1165.png,1
all_views_465.png,1
all_views_827.png,0
all_views_540.png,1
all_views_2103.png,0
all_views_3031.png,1
all_views_279.png,0
all_views_3707.png,0
all_views_3679.png,0
all_views_1668.png,1
all_views_1046.png,0
all_views_2943.png,0
all_views_3065.png,1
all_views_1439.png,0
all_views_987.png,1
all_views_328.png,1
all_views_2457.png,1
all_views_2953.png,1
all_views_2432.png,1
all_views_2231.png,0
all_views_2652.png,1
all_views_2381.png,1
all_views_2485.png,1
all_views_276.png,1
all_views_1320.png,1
all_views_547.png,1
all_views_2780.png,1
all_views_1252.png,1
all_views_1128.png,1
all_views_1667.png,0
all_views_3917.png,1
all_views_1187.png,0
all_views_3680.png,1
all_views_775.png,0
all_views_1124.png,1
all_views_2480.png,1
all_views_2632.png,1
all_views_2765.png,1
all_views_3812.png,1
all_views_2313.png,1
all_views_3760.png,1
all_views_2407.png,0
all_views_2047.png,0
all_views_2749.png,1
all_views_3792.png,1
all_views_637.png,1
all_views_3384.png,1
all_views_3887.png,1
all_views_1474.png,0
all_views_1653.png,1
all_views_2997.png,1
all_views_1280.png,1
all_views_1302.png,0
all_views_1481.png,1
all_views_1432.png,1
all_views_1473.png,1
all_views_1315.png,0
all_views_1416.png,1
all_views_3684.png,1
all_views_1844.png,0
all_views_3109.png,1
all_views_1373.png,1
all_views_219.png,0
all_views_1639.png,0
all_views_2079.png,0
all_views_3361.png,1
all_views_1640.png,1
all_views_3416.png,0
all_views_1948.png,1
all_views_687.png,0
all_views_1105.png,1
all_views_191.png,0
all_views_2992.png,1
all_views_3767.png,0
all_views_689.png,1
all_views_3344.png,1
all_views_479.png,0
all_views_2692.png,1
all_views_232.png,1
all_views_1564.png,0
all_views_2361.png,0
all_views_2703.png,0
all_views_2732.png,1
all_views_3780.png,1
all_views_1480.png,1
all_views_1879.png,0
all_views_384.png,1
all_views_3293.png,0
all_views_865.png,1
all_views_3653.png,1
all_views_494.png,0
all_views_2240.png,1
all_views_2487.png,0
all_views_2121.png,0
all_views_2915.png,0
all_views_3957.png,1
all_views_3079.png,1
all_views_2341.png,1
all_views_2825.png,1
all_views_861.png,1
all_views_2080.png,1
all_views_463.png,0
all_views_603.png,0
all_views_883.png,0
all_views_2932.png,0
all_views_3632.png,1
all_views_890.png,0
all_views_347.png,0
all_views_3575.png,0
all_views_3744.png,1
all_views_436.png,1
all_views_767.png,0
all_views_587.png,1
all_views_225.png,0
all_views_1453.png,0
all_views_3703.png,0
all_views_121.png,0
all_views_681.png,1
all_views_911.png,0
all_views_2288.png,1
all_views_2298.png,0
all_views_751.png,1
all_views_17.png,1
all_views_2171.png,0
all_views_2025.png,1
all_views_357.png,1
all_views_819.png,0
all_views_3815.png,0
all_views_1329.png,1
all_views_3996.png,1
all_views_719.png,0
all_views_32.png,1
all_views_739.png,1
all_views_2989.png,0
all_views_139.png,0
all_views_203.png,0
all_views_1103.png,0
all_views_1815.png,0
all_views_475.png,0
all_views_1477.png,1
all_views_3211.png,1
all_views_736.png,0
all_views_1769.png,0
all_views_1925.png,1
all_views_3088.png,1
all_views_102.png,0
all_views_2561.png,1
all_views_2684.png,0
all_views_1095.png,0
all_views_431.png,1
all_views_445.png,1
all_views_2347.png,0
all_views_3037.png,1
all_views_595.png,0
all_views_2835.png,1
all_views_977.png,1
all_views_3603.png,1
all_views_1135.png,0
all_views_1243.png,0
all_views_3339.png,0
all_views_2039.png,0
all_views_652.png,1
all_views_1183.png,0
all_views_1723.png,0
all_views_135.png,0
all_views_3289.png,1
all_views_1563.png,0
all_views_3952.png,1
all_views_2257.png,1
all_views_3585.png,1
all_views_1599.png,0
all_views_1751.png,0
all_views_3468.png,1
all_views_2492.png,1
all_views_2641.png,1
all_views_1896.png,1
all_views_2321.png,1
all_views_3097.png,1
all_views_97.png,0
all_views_1353.png,1
all_views_3561.png,0
all_views_1772.png,1
all_views_2196.png,1
all_views_1775.png,0
all_views_1955.png,0
all_views_3695.png,0
all_views_3592.png,1
all_views_3737.png,1
all_views_3713.png,1
all_views_1988.png,1
all_views_2056.png,1
all_views_2043.png,0
all_views_1954.png,0
all_views_211.png,0
all_views_2387.png,0
all_views_3747.png,1
all_views_1673.png,1
all_views_2904.png,1
all_views_2344.png,1
all_views_1303.png,0
all_views_1287.png,1
all_views_3823.png,0
all_views_1255.png,1
all_views_1004.png,1
all_views_841.png,1
all_views_3985.png,1
all_views_544.png,1
all_views_1.png,0
all_views_3891.png,0
all_views_2444.png,1
all_views_1227.png,0
all_views_3555.png,1
all_views_3999.png,1
all_views_2957.png,1
all_views_3761.png,0
all_views_673.png,0
all_views_1188.png,1
all_views_1781.png,1
all_views_1963.png,0
all_views_511.png,0
all_views_1233.png,1
all_views_1901.png,1
all_views_1257.png,0
all_views_2020.png,1
all_views_916.png,1
all_views_3399.png,0
all_views_733.png,0
all_views_3433.png,1
all_views_37.png,1
all_views_2823.png,0
all_views_2198.png,0
all_views_2252.png,1
all_views_1044.png,1
all_views_3463.png,1
all_views_2078.png,0
all_views_13.png,1
all_views_3248.png,1
all_views_2506.png,0
all_views_1585.png,1
all_views_969.png,0
all_views_936.png,1
all_views_3851.png,0
all_views_209.png,1
all_views_1285.png,1
all_views_2579.png,0
all_views_2560.png,1
all_views_1748.png,1
all_views_1886.png,0
all_views_1617.png,1
all_views_2392.png,0
all_views_88.png,0
all_views_2755.png,1
all_views_1857.png,1
all_views_2880.png,1
all_views_3216.png,1
all_views_432.png,1
all_views_2888.png,1
all_views_1783.png,0
all_views_1795.png,0
all_views_1784.png,1
all_views_39.png,0
all_views_3076.png,1
all_views_1321.png,1
all_views_312.png,1
all_views_1349.png,1
all_views_3375.png,0
all_views_3649.png,1
all_views_1675.png,1
all_views_1641.png,1
all_views_813.png,1
all_views_2764.png,1
all_views_3651.png,0
all_views_2332.png,1
all_views_847.png,0
all_views_2264.png,1
all_views_2265.png,1
all_views_3441.png,1
all_views_3577.png,1
all_views_2872.png,1
all_views_255.png,0
all_views_952.png,1
all_views_2777.png,1
all_views_2040.png,1
all_views_3900.png,1
all_views_1813.png,0
all_views_2811.png,0
all_views_2568.png,1
all_views_3172.png,1
all_views_3724.png,1
all_views_904.png,1
all_views_1582.png,0
all_views_3327.png,1
all_views_991.png,0
all_views_1433.png,1
all_views_3239.png,0
all_views_1541.png,1
all_views_2193.png,1
all_views_2181.png,1
all_views_1193.png,1
all_views_3949.png,1
all_views_3056.png,1
all_views_1241.png,1
all_views_331.png,0
all_views_271.png,1
all_views_664.png,1
all_views_2896.png,0
all_views_3439.png,0
all_views_3579.png,1
all_views_1927.png,0
all_views_843.png,0
all_views_2065.png,1
all_views_3124.png,1
all_views_2927.png,1
all_views_1511.png,0
all_views_164.png,0
all_views_3580.png,1
all_views_2532.png,1
all_views_220.png,1
all_views_2807.png,0
all_views_3688.png,1
all_views_1800.png,0
all_views_2639.png,1
all_views_749.png,0
all_views_3247.png,1
all_views_2333.png,0
all_views_2751.png,1
all_views_3612.png,1
all_views_452.png,1
all_views_1579.png,0
all_views_523.png,0
all_views_698.png,0
all_views_1389.png,1
all_views_243.png,1
all_views_3663.png,0
all_views_3319.png,1
all_views_1408.png,1
all_views_3756.png,0
all_views_207.png,0
all_views_2416.png,1
all_views_2384.png,1
all_views_2549.png,1
all_views_948.png,1
all_views_1912.png,1
all_views_515.png,0
all_views_1583.png,1
all_views_1876.png,1
all_views_1556.png,1
all_views_1880.png,1
all_views_3696.png,1
all_views_863.png,0
all_views_573.png,0
all_views_3167.png,0
all_views_1632.png,1
all_views_3836.png,0
all_views_692.png,1
all_views_1520.png,1
all_views_3517.png,1
all_views_3197.png,1
all_views_3209.png,1
all_views_3043.png,1
all_views_2443.png,1
all_views_675.png,0
all_views_1085.png,1
all_views_1397.png,1
all_views_3606.png,0
all_views_3700.png,1
all_views_2029.png,1
all_views_3467.png,0
all_views_3507.png,0
all_views_1580.png,1
all_views_3907.png,0
all_views_2328.png,1
all_views_212.png,1
all_views_2191.png,1
all_views_3837.png,1
all_views_2391.png,1
all_views_3741.png,1
all_views_1484.png,1
all_views_3304.png,1
all_views_268.png,1
all_views_2774.png,0
all_views_2879.png,1
all_views_3777.png,1
all_views_3051.png,0
all_views_2343.png,1
all_views_2508.png,1
all_views_2116.png,0
all_views_3048.png,1
all_views_2555.png,0
all_views_1908.png,1
all_views_1657.png,1
all_views_1608.png,1
all_views_2183.png,0
all_views_2205.png,1
all_views_3350.png,0
all_views_3069.png,1
all_views_1205.png,0
all_views_2216.png,1
all_views_3901.png,1
all_views_3256.png,1
all_views_3916.png,1
all_views_3479.png,1
all_views_1016.png,1
all_views_2484.png,1
all_views_3028.png,1
all_views_2397.png,1
all_views_920.png,1
all_views_1485.png,1
all_views_2883.png,0
all_views_51.png,0
all_views_597.png,0
all_views_3220.png,1
all_views_1649.png,0
all_views_1071.png,0
all_views_156.png,1
all_views_3053.png,1
all_views_3868.png,1
all_views_223.png,0
all_views_2051.png,0
all_views_915.png,0
all_views_1741.png,0
all_views_2139.png,0
all_views_632.png,1
all_views_709.png,1
all_views_3267.png,1
all_views_1849.png,1
all_views_3620.png,1
all_views_1797.png,1
all_views_3367.png,0
all_views_1733.png,1
all_views_453.png,1
all_views_783.png,1
all_views_2672.png,1
all_views_877.png,1
all_views_2569.png,1
all_views_2304.png,1
all_views_280.png,1
all_views_2527.png,0
all_views_703.png,0
all_views_375.png,0
all_views_2467.png,0
all_views_2100.png,1
all_views_1012.png,1
all_views_3135.png,1
all_views_19.png,0
all_views_1494.png,0
all_views_2401.png,1
all_views_1421.png,0
all_views_2224.png,1
all_views_1679.png,0
all_views_541.png,0
all_views_36.png,1
all_views_3049.png,1
all_views_1752.png,1
all_views_2222.png,0
all_views_1596.png,1
all_views_3506.png,0
all_views_1561.png,1
all_views_1760.png,1
all_views_3871.png,0
all_views_3432.png,1
all_views_1152.png,1
all_views_415.png,1
all_views_1039.png,0
all_views_1242.png,0
all_views_1077.png,0
all_views_2800.png,1
all_views_3277.png,0
all_views_264.png,1
all_views_1157.png,1
all_views_3064.png,1
all_views_3347.png,0
all_views_3075.png,1
all_views_284.png,1
all_views_3225.png,1
all_views_3448.png,1
all_views_3847.png,0
all_views_1131.png,0
all_views_685.png,0
all_views_3831.png,0
all_views_1168.png,1
all_views_2471.png,0
all_views_699.png,0
all_views_169.png,1
all_views_1952.png,1
all_views_939.png,0
all_views_3852.png,1
all_views_979.png,0
all_views_3329.png,0
all_views_2008.png,1
all_views_2015.png,1
all_views_3103.png,1
all_views_173.png,1
all_views_176.png,1
all_views_3391.png,0
all_views_1032.png,1
all_views_481.png,1
all_views_3720.png,1
all_views_653.png,1
all_views_405.png,1
all_views_1869.png,0
all_views_1603.png,1
all_views_407.png,0
all_views_3485.png,1
all_views_2143.png,1
all_views_1761.png,1
all_views_3273.png,0
all_views_396.png,1
all_views_1693.png,1
all_views_2613.png,0
all_views_153.png,0
all_views_925.png,1
all_views_3024.png,1
all_views_297.png,1
all_views_3876.png,1
all_views_137.png,1
all_views_2688.png,1
all_views_2275.png,0
all_views_60.png,1
all_views_3519.png,0
all_views_2812.png,1
all_views_757.png,0
all_views_3539.png,0
all_views_2049.png,1
all_views_1327.png,0
all_views_2627.png,0
all_views_1697.png,1
all_views_296.png,1
all_views_2091.png,0
all_views_1689.png,1
all_views_3148.png,1
all_views_2625.png,1
all_views_2472.png,1
all_views_1505.png,1
all_views_2160.png,1
all_views_1933.png,0
all_views_1744.png,1
all_views_185.png,1
all_views_2809.png,1
all_views_2567.png,0
all_views_1272.png,1
all_views_1463.png,1
all_views_1493.png,0
all_views_361.png,0
all_views_3941.png,1
all_views_2469.png,1
all_views_2572.png,1
all_views_3492.png,1
all_views_3415.png,0
all_views_2455.png,0
all_views_3187.png,0
all_views_1615.png,0
all_views_1993.png,0
all_views_2911.png,0
all_views_711.png,0
all_views_3743.png,1
all_views_1973.png,1
all_views_3341.png,1
all_views_3455.png,0
all_views_1268.png,1
all_views_808.png,1
all_views_1549.png,0
all_views_2808.png,1
all_views_909.png,1
all_views_2897.png,1
all_views_589.png,1
all_views_2984.png,1
all_views_2419.png,0
all_views_1307.png,0
all_views_2640.png,1
all_views_229.png,1
all_views_721.png,1
all_views_1767.png,0
all_views_380.png,1
all_views_3605.png,0
all_views_2372.png,1
all_views_3072.png,1
all_views_205.png,1
all_views_224.png,1
all_views_64.png,1
all_views_3705.png,1
all_views_611.png,1
all_views_889.png,1
all_views_1080.png,1
all_views_3922.png,0
all_views_3752.png,1
all_views_599.png,1
all_views_1079.png,0
all_views_1355.png,1
all_views_965.png,1
all_views_406.png,0
all_views_2948.png,0
all_views_2447.png,0
all_views_148.png,1
all_views_188.png,1
all_views_1788.png,1
all_views_1513.png,0
all_views_2831.png,1
all_views_2453.png,1
all_views_149.png,0
all_views_679.png,0
all_views_1260.png,1
all_views_1109.png,1
